date,fire_count,frp_sum,pm25,aqi,wind_speed,wind_dir,temp,rain,alignment,transport_index,transport_lag1,stagnation
2015-09-01,11.0,28.67,73.78,210.0,11.679166666666665,285.9700082557367,29.441666666666666,0.0,0.8056510441857014,8.862161486042716,,0.07886953664147224
2015-09-02,3.0,7.35,97.63,298.0,11.629166666666668,276.16577505256237,29.008333333333336,0.0,0.6930111651884128,2.0790334955652385,8.862161486042716,0.07918178818871659
2015-09-03,3.0,14.629999999999999,99.5,315.0,10.308333333333334,292.76488667488024,29.045833333333334,0.0,0.8700810166201611,2.6102430498604834,2.0790334955652385,0.08843036109064112
2015-09-04,4.0,14.06,97.31,368.0,7.204166666666666,299.05112475048685,29.675,0.0,0.9188207886201993,3.6752831544807973,2.6102430498604834,0.1218892839004571
2015-09-05,14.0,61.94,76.43,266.0,10.966666666666667,293.1648596968543,28.766666666666666,0.0,0.8735007083432678,12.22900991680575,3.6752831544807973,0.08356545961002786
2015-09-06,16.0,69.74,61.69,174.0,9.908333333333333,286.4476144047394,28.691666666666666,0.0,0.8105610444619238,12.96897671139078,12.22900991680575,0.09167303284950344
2015-09-07,30.0,106.28999999999999,55.19,199.0,10.729166666666666,295.45533684065737,29.041666666666668,0.0,0.8922590532776273,26.76777159832882,12.96897671139078,0.0852575488454707
2015-09-08,15.0,92.27,63.79,217.0,10.879166666666668,294.02816466694725,29.166666666666668,0.0,0.8807364878291936,13.211047317437904,26.76777159832882,0.08418098912662222
2015-09-09,19.0,148.67000000000002,58.48,238.0,11.262500000000001,310.68111607401477,29.416666666666668,0.0,0.979520061110964,18.610881161108317,13.211047317437904,0.08154943934760447
2015-09-10,16.0,52.87,60.29,230.0,9.016666666666667,318.37392100359466,29.0625,0.0,0.9976570026460861,15.962512042337378,18.610881161108317,0.09983361064891846
2015-09-11,29.0,91.89,67.35,218.0,7.554166666666667,343.2762526015511,28.920833333333334,0.0,0.9337090789876766,27.077563290642622,15.962512042337378,0.11690209449585971
2015-09-12,39.0,152.28,87.55,226.0,6.845833333333334,88.48773584260624,28.916666666666668,0.3,0.0,0.0,27.077563290642622,0.12745618693574082
2015-09-13,29.0,121.92,84.57,202.0,5.704166666666666,86.92311602674079,29.895833333333332,0.0,0.0,0.0,0.0,0.14916096954630206
2015-09-14,13.0,81.72,111.58,274.0,6.254166666666666,24.10665085556019,30.46666666666667,0.0,0.47239971480370835,6.141196292448209,0.0,0.13785180930499713
2015-09-15,24.0,84.42,108.78,289.0,6.579166666666666,92.68832825876649,30.179166666666664,0.0,0.0,0.0,6.141196292448209,0.13194062671797693
2015-09-16,21.0,154.53,91.18,235.0,7.5,96.88477477441711,30.1875,0.0,0.0,0.0,0.0,0.11764705882352941
2015-09-17,63.0,269.23,104.85,285.0,6.8374999999999995,88.12181600194828,29.650000000000002,0.4,0.0,0.0,0.0,0.12759170653907498
2015-09-18,51.0,196.09,56.19,209.0,10.1,85.21436220070763,29.233333333333334,1.6,0.0,0.0,0.0,0.0900900900900901
2015-09-19,4.0,7.7299999999999995,67.62,132.0,7.2250000000000005,75.77389576504777,27.974999999999994,24.3,0.0,0.0,0.0,0.12158054711246198
2015-09-20,0.0,0.0,64.38,179.0,7.166666666666667,97.24075724536237,28.770833333333332,5.0,0.0,0.0,0.0,0.12244897959183672
2015-09-21,6.0,24.97,45.65,136.0,6.845833333333334,120.55219580737497,28.066666666666666,9.5,0.0,0.0,0.0,0.12745618693574082
2015-09-22,2.0,2.87,35.75,104.0,11.895833333333334,140.350634224097,28.46666666666667,2.0,0.0,0.0,0.0,0.07754442649434572
2015-09-23,2.0,3.49,34.89,95.0,12.170833333333334,302.5468434524988,27.016666666666666,0.3,0.9411760877682309,1.8823521755364618,0.0,0.07592534008225245
2015-09-24,4.0,4.8500000000000005,63.06,175.0,13.995833333333332,286.5979454781405,26.858333333333334,0.0,0.8120948757750417,3.2483795031001668,1.8823521755364618,0.0666851903306474
2015-09-25,1.0,0.65,82.39,290.0,11.175000000000002,287.884535510365,26.483333333333334,0.0,0.8249922376267558,0.8249922376267558,3.2483795031001668,0.08213552361396302
2015-09-26,11.0,28.83,88.08,282.0,8.129166666666666,286.14267056718285,27.020833333333332,0.0,0.8074325670858294,8.881758237944124,0.8249922376267558,0.10953902327704244
2015-09-27,14.0,72.41,89.75,298.0,7.4125000000000005,311.1757902187122,27.8,0.0,0.981221897278077,13.737106561893077,8.881758237944124,0.11887072808320949
2015-09-28,35.0,149.63,69.57,240.0,7.870833333333334,328.64530206963934,26.754166666666666,0.0,0.993867767084873,34.78537184797055,13.737106561893077,0.11272898074213246
2015-09-29,94.0,357.62,68.34,188.0,8.941666666666666,331.70309757625796,26.4375,0.0,0.9865542928053362,92.7361035237016,34.78537184797055,0.10058675607711652
2015-09-30,70.0,314.7,61.08,187.0,10.854166666666666,325.3714167417399,26.458333333333332,0.0,0.9985605595757469,69.89923917030228,92.7361035237016,0.0843585237258348
2015-10-01,104.0,456.04,85.7,230.0,7.641666666666667,325.55952183953053,26.175,0.0,0.9983790889444257,103.83142525022028,69.89923917030228,0.11571841851494698
2015-10-02,164.0,841.29,97.62,286.0,8.495833333333334,318.52012319547833,26.433333333333337,0.0,0.9978283276907846,163.64384574128866,103.83142525022028,0.10530934620447564
2015-10-03,275.0,1420.61,103.58,266.0,7.587500000000001,310.75369890496614,27.370833333333334,0.0,0.9797743428237693,269.43794427653654,163.64384574128866,0.11644832605531293
2015-10-04,479.0,1996.63,145.97,369.0,5.550000000000001,128.49101490371083,27.954166666666666,0.0,0.0,0.0,269.43794427653654,0.15267175572519082
2015-10-05,287.0,1468.97,180.52,375.0,5.958333333333333,215.23324895770256,28.25833333333333,0.0,0.0,0.0,0.0,0.1437125748502994
2015-10-06,178.0,899.3,151.57,411.0,7.591666666666666,320.7458851242469,28.2625,0.0,0.9996336538822915,177.9347903910479,0.0,0.1163918525703201
2015-10-07,277.0,1211.27,144.04,383.0,7.791666666666665,344.6671359317709,28.245833333333334,0.0,0.9247434103811455,256.1539246755773,177.9347903910479,0.11374407582938392
2015-10-08,475.0,2703.18,148.44,388.0,9.458333333333334,326.5926233884481,28.34583333333333,0.0,0.9971906372307818,473.6655526846214,256.1539246755773,0.09561752988047809
2015-10-09,648.0,3125.9,130.22,351.0,8.995833333333332,295.06412944334045,28.308333333333334,0.0,0.8891553386139389,576.1726594218325,473.6655526846214,0.10004168403501461
2015-10-10,615.0,3147.73,147.71,320.0,10.416666666666666,277.47721023793406,28.391666666666666,0.0,0.709329393195057,436.23757681496,576.1726594218325,0.08759124087591241
2015-10-11,382.0,2463.34,111.34,296.0,9.329166666666667,301.0201379890872,28.175,0.0,0.9318389141769197,355.96246521558334,436.23757681496,0.09681323114158934
2015-10-12,287.0,1641.17,100.7,312.0,5.795833333333334,120.62932086546448,27.754166666666666,0.0,0.0,0.0,355.96246521558334,0.14714898835070506
2015-10-13,333.0,2214.33,97.67,260.0,9.9625,106.09087832307875,27.425,0.4,0.0,0.0,0.0,0.09122006841505131
2015-10-14,327.0,1670.47,75.81,204.0,8.195833333333333,93.80370971029947,26.491666666666664,7.3,0.0,0.0,0.0,0.10874490258269144
2015-10-15,654.0,3825.6,95.24,218.0,6.354166666666667,91.22461800352119,26.554166666666664,0.0,0.0,0.0,0.0,0.13597733711048157
2015-10-16,532.0,2960.15,148.29,356.0,6.425,96.72523383931917,27.025000000000002,0.0,0.0,0.0,0.0,0.13468013468013468
2015-10-17,606.0,3158.04,90.66,388.0,6.9875,296.7710070667222,27.349999999999998,0.0,0.9023911546918304,546.8490397432493,0.0,0.12519561815336464
2015-10-18,789.0,4929.06,156.71,298.0,5.375,120.65299879969513,27.8625,0.0,0.0,0.0,546.8490397432493,0.1568627450980392
2015-10-19,445.0,2543.9,170.28,392.0,6.770833333333333,268.7975863497081,27.650000000000002,1.1,0.5948333820052604,264.70085499234085,0.0,0.128686327077748
2015-10-20,1304.0,6925.29,198.1,428.0,6.9375,319.7050003162931,27.399999999999995,0.3,0.9989770274333635,1302.666043773106,264.70085499234085,0.12598425196850394
2015-10-21,860.0,5893.71,158.04,384.0,7.25,332.67677148652297,26.145833333333332,0.0,0.9836346116034831,845.9257659789954,1302.666043773106,0.12121212121212122
2015-10-22,1147.0,7532.56,116.98,292.0,8.825000000000001,323.141718494963,24.8625,0.0,0.9998912787411715,1146.8752967161236,845.9257659789954,0.10178117048346055
2015-10-23,1304.0,7412.78,143.73,343.0,8.641666666666667,308.2223300526224,24.212499999999995,0.0,0.9699803375796217,1264.8543602038267,1146.8752967161236,0.10371650821089022
2015-10-24,1667.0,11063.2,169.22,383.0,5.4125000000000005,12.239155295575756,24.979166666666668,0.0,0.6435584100308396,1072.8118695214096,1264.8543602038267,0.15594541910331383
2015-10-25,914.0,5751.89,147.65,374.0,11.370833333333332,116.67915886334731,25.59166666666667,0.0,0.0,0.0,1072.8118695214096,0.08083529808016168
2015-10-26,126.0,713.34,101.61,263.0,9.5625,74.19082788544506,24.941666666666666,1.5,0.0,0.0,0.0,0.09467455621301775
2015-10-27,640.0,4202.72,113.2,334.0,6.154166666666666,336.8610649348689,24.016666666666662,0.0,0.9678663332864778,619.4344533033458,0.0,0.13977868375072802
2015-10-28,1091.0,6452.58,112.89,333.0,7.1833333333333345,357.56887670504136,20.4375,5.5,0.816419428070316,890.7135960247148,619.4344533033458,0.12219959266802444
2015-10-29,1832.0,14202.62,95.72,262.0,5.804166666666666,59.46756350232164,20.895833333333332,0.0,0.0,0.0,890.7135960247148,0.14696876913655849
2015-10-30,3396.0,23565.17,108.4,236.0,5.4875,74.68220285831205,21.354166666666668,0.0,0.0,0.0,0.0,0.15414258188824664
2015-10-31,4082.0,27299.97,245.97,340.0,4.825,97.77400283986776,22.191666666666666,0.0,0.0,0.0,0.0,0.17167381974248927
2015-11-01,3032.0,21571.93,277.53,415.0,4.691666666666666,82.22042649710994,23.504166666666663,0.0,0.0,0.0,0.0,0.17569546120058566
2015-11-02,1902.0,11664.46,232.4,420.0,4.479166666666667,34.20046569497606,23.48333333333333,0.0,0.31061613337997535,590.7918856887131,0.0,0.18250950570342203
2015-11-03,5048.0,32818.76,244.78,407.0,5.504166666666666,344.9755861728118,23.1875,0.0,0.9226811180396698,4657.6942838642535,590.7918856887131,0.15374759769378604
2015-11-04,4703.0,38670.22,293.49,454.0,4.5375000000000005,79.92169507731217,23.349999999999994,0.0,0.0,0.0,4657.6942838642535,0.1805869074492099
2015-11-05,2396.0,16595.05,161.78,388.0,9.854166666666666,105.29853569535186,22.97083333333333,0.2,0.0,0.0,0.0,0.09213051823416507
2015-11-06,2306.0,16531.76,153.33,276.0,5.320833333333334,116.41504846745545,23.0625,0.0,0.0,0.0,0.0,0.15820698747528014
2015-11-07,1652.0,10916.25,353.86,483.0,4.229166666666667,63.95531063698655,22.416666666666668,0.0,0.0,0.0,0.0,0.19123505976095617
2015-11-08,3402.0,18319.17,217.55,451.0,6.829166666666666,71.37676616279657,22.89166666666667,0.0,0.0,0.0,0.0,0.1277275146354444
2015-11-09,2629.0,16371.64,201.44,378.0,6.304166666666667,45.764517428461374,23.020833333333332,0.0,0.11376355135207478,299.08437650460456,0.0,0.13690815744438106
2015-11-10,5435.0,37777.74,249.95,439.0,6.554166666666667,1.986960818237037,22.641666666666666,0.6,0.769509584111469,4182.284589645834,299.08437650460456,0.13237727523441808
2015-11-11,3892.0,28186.15,219.68,431.0,10.754166666666665,317.2890606830724,22.125,0.0,0.9961828688365746,3877.143725511948,4182.284589645834,0.08507621410847219
2015-11-12,2116.0,16976.56,258.48,421.0,10.554166666666665,305.50637544334484,22.125,0.0,0.9573676309379755,2025.789907064756,3877.143725511948,0.0865488640461594
2015-11-13,1595.0,10285.74,291.66,454.0,8.925,300.48746277129396,22.620833333333337,0.0,0.928425092416278,1480.8380224039634,2025.789907064756,0.10075566750629722
2015-11-14,1978.0,15246.09,221.68,450.0,8.908333333333333,301.27519494080497,23.212500000000002,0.0,0.933445031876641,1846.3542730519957,1480.8380224039634,0.10092514718250631
2015-11-15,1844.0,11937.4,214.24,367.0,4.945833333333334,325.73848123754965,23.041666666666668,0.0,0.9981964525351997,1840.6742584749084,1846.3542730519957,0.16818500350385424
2015-11-16,1774.0,10173.82,184.02,383.0,9.237499999999999,327.53468057128396,22.895833333333332,1.0,0.9958243097238391,1766.5923254500906,1840.6742584749084,0.0976800976800977
2015-11-17,914.0,6260.14,136.22,347.0,10.358333333333334,310.4711075671524,20.329166666666666,0.0,0.9787754792879013,894.6007880691418,1766.5923254500906,0.08804108584005868
2015-11-18,702.0,4767.77,188.09,369.0,8.420833333333334,307.09390362244983,18.958333333333332,0.0,0.9650030966227914,677.4321738291995,894.6007880691418,0.10614772224679345
2015-11-19,611.0,4166.22,238.69,392.0,5.504166666666666,339.3431607935308,19.579166666666666,0.0,0.9560680302221887,584.1575664657573,677.4321738291995,0.15374759769378604
2015-11-20,625.0,3847.35,271.42,455.0,5.699999999999999,342.2713142871287,19.3,0.0,0.9398448474274447,587.4030296421529,584.1575664657573,0.1492537313432836
2015-11-21,733.0,3309.2,293.73,450.0,5.570833333333333,319.4176276512249,19.483333333333334,0.0,0.9987376549776292,732.0747010986022,587.4030296421529,0.15218769816106534
2015-11-22,361.0,2170.56,247.27,478.0,6.029166666666666,319.99474739755345,19.133333333333336,0.0,0.9991929349215514,360.70864950668005,732.0747010986022,0.14226437462951988
2015-11-23,95.0,453.96999999999997,266.95,431.0,5.345833333333334,333.3175261788426,18.791666666666668,0.0,0.9815581999211452,93.2480289925088,360.70864950668005,0.15758371634931057
2015-11-24,202.0,1108.07,241.61,440.0,8.529166666666667,322.71077515302255,19.320833333333333,0.0,0.9999739020722368,201.99472821859183,93.2480289925088,0.10494097070397901
2015-11-25,171.0,1051.0,149.14,376.0,11.4125,307.2938643726356,19.591666666666665,0.0,0.9659124233007247,165.17102438442393,201.99472821859183,0.08056394763343404
2015-11-26,168.0,766.64,182.5,347.0,6.445833333333333,155.75602497833142,19.879166666666666,0.0,0.0,0.0,165.17102438442393,0.13430330162283158
2015-11-27,114.0,521.22,193.58,343.0,7.266666666666667,357.58808892383786,19.270833333333332,0.0,0.816225750537729,93.0497355613011,0.0,0.12096774193548389
2015-11-28,24.0,77.18,172.89,362.0,9.633333333333333,81.95996782425124,19.908333333333335,0.0,0.0,0.0,93.0497355613011,0.09404388714733543
2015-11-29,27.0,98.78,190.46,319.0,5.6375,90.27017581805615,19.575,0.0,0.0,0.0,0.0,0.15065913370998116
2015-11-30,48.0,200.9,282.76,425.0,5.3999999999999995,0.6273369865529048,20.89166666666667,0.0,0.7844462721284398,37.65342106216511,0.0,0.15625
2015-12-01,47.0,133.51,183.28,400.0,6.325,354.89919477141126,20.704166666666666,0.0,0.8424301704643226,39.59421801182316,37.65342106216511,0.13651877133105803
2015-12-02,51.0,161.1,170.74,386.0,6.970833333333334,330.6875514069695,19.620833333333334,0.0,0.9892959799169339,50.454094975763624,39.59421801182316,0.12545739675901724
2015-12-03,48.0,220.22,190.14,385.0,9.9,306.3139169306196,18.166666666666668,0.0,0.9613438490814898,46.14450475591151,50.454094975763624,0.09174311926605504
2015-12-04,37.0,156.11,186.64,392.0,10.5625,291.9420765735954,18.508333333333333,0.0,0.8629130057266952,31.92778121188772,46.14450475591151,0.08648648648648649
2015-12-05,33.0,119.13,282.01,428.0,4.829166666666667,329.0098680879484,17.829166666666666,0.0,0.9931440768776583,32.77375453696272,31.92778121188772,0.17155110793423875
2015-12-06,52.0,151.47,218.22,394.0,4.858333333333333,93.62623482648883,18.316666666666666,0.0,0.0,0.0,32.77375453696272,0.17069701280227595
2015-12-07,43.0,131.86,249.8,440.0,6.1125,125.63067760046732,18.474999999999998,0.0,0.0,0.0,0.0,0.140597539543058
2015-12-08,27.0,99.02,283.59,437.0,6.195833333333334,273.5310079640567,18.6125,0.0,0.6591381567452019,17.796730232120453,0.0,0.13896931094383322
2015-12-09,8.0,11.709999999999999,250.69,431.0,9.65,122.74108202724545,18.245833333333334,0.0,0.0,0.0,17.796730232120453,0.09389671361502347
2015-12-10,19.0,66.42,211.95,383.0,8.970833333333333,115.87115189213637,19.254166666666666,0.2,0.0,0.0,0.0,0.10029251984956122
2015-12-11,25.0,73.72,198.38,377.0,7.841666666666666,290.03944927657346,17.729166666666668,0.0,0.8456590647884019,21.141476619710048,0.0,0.11310084825636195
2015-12-12,44.0,110.43,184.12,379.0,9.816666666666668,302.17177634642553,14.666666666666666,0.0,0.9389438837249816,41.31353088389919,21.141476619710048,0.09244992295839752
2015-12-13,78.0,229.97,135.42,333.0,8.491666666666667,299.1850140821965,14.225,0.0,0.9197405594544295,71.73976363744549,41.31353088389919,0.10535557506584722
2015-12-14,37.0,132.17,118.6,314.0,10.683333333333332,303.893481781954,13.645833333333334,0.0,0.9488575579272415,35.107729643307934,71.73976363744549,0.0855920114122682
2015-12-15,46.0,175.06,88.3,174.0,11.025,296.18512185754133,13.604166666666666,0.0,0.8979376484697751,41.30513182960966,35.107729643307934,0.08316008316008315
2015-12-16,90.0,348.66,111.45,244.0,6.175,222.6046750960252,12.895833333333334,0.0,0.0,0.0,41.30513182960966,0.13937282229965156
2015-12-17,89.0,339.23,152.24,308.0,6.933333333333333,89.75722723301635,13.183333333333335,0.0,0.0,0.0,0.0,0.12605042016806725
2015-12-18,125.0,376.14,136.75,320.0,9.620833333333334,305.7698854147294,13.304166666666667,0.0,0.9586860587141657,119.83575733927071,0.0,0.09415457041977246
2015-12-19,78.0,282.88,114.35,270.0,8.5,298.85875079106665,13.604166666666666,0.0,0.9174904674835092,71.56425646371372,119.83575733927071,0.10526315789473684
2015-12-20,79.0,258.55,181.67,320.0,5.612500000000001,338.16371354342084,13.158333333333333,0.0,0.9618995004369318,75.99006053451761,71.56425646371372,0.15122873345935725
2015-12-21,74.0,216.41,135.78,313.0,5.170833333333333,335.13343006540475,13.183333333333335,0.0,0.9750076365172151,72.15056510227392,75.99006053451761,0.16205266711681296
2015-12-22,83.0,266.57,204.72,326.0,4.258333333333334,62.03958912089422,13.395833333333334,0.0,0.0,0.0,72.15056510227392,0.19017432646592708
2015-12-23,93.0,339.08,321.52,459.0,7.629166666666667,319.29016167887795,12.933333333333332,0.0,0.9986234358551581,92.8719795345297,0.0,0.11588604538870112
2015-12-24,76.0,265.15,129.08,314.0,11.970833333333331,310.16449201885604,12.85,0.0,0.9776647671742428,74.30252230524245,92.8719795345297,0.0770960488274976
2015-12-25,47.0,156.2,132.56,304.0,10.595833333333333,297.0917820550213,12.091666666666669,0.0,0.9047895278059583,42.525107806880044,74.30252230524245,0.08623787279913762
2015-12-26,45.0,171.49,158.69,310.0,11.704166666666666,294.5515487450312,13.720833333333333,0.0,0.885025971967051,39.826168738517296,42.525107806880044,0.0787143325680551
2015-12-27,62.0,230.7,187.01,370.0,11.845833333333333,297.5047566690442,15.433333333333332,0.0,0.9078354910892025,56.285800447530555,39.826168738517296,0.07784625364904314
2015-12-28,64.0,251.73,148.77,328.0,13.416666666666666,301.35756135291575,17.133333333333336,0.0,0.9339597511899821,59.773424076158854,56.285800447530555,0.06936416184971099
2015-12-29,80.0,250.52,159.67,331.0,13.229166666666666,297.37663443516215,17.03333333333333,0.0,0.9068955431097832,72.55164344878266,59.773424076158854,0.07027818448023426
2015-12-30,41.0,65.41,233.97,412.0,7.720833333333334,315.05394196921964,16.2375,0.0,0.9920206042247469,40.67284477321462,72.55164344878266,0.11466794075489725
2015-12-31,62.0,256.27,240.97,433.0,7.379166666666666,333.6216271178745,15.329166666666666,0.0,0.9805297668816646,60.7928455466632,40.67284477321462,0.11934361014420687
2016-09-01,0.0,0.0,28.06,109.0,5.8708333333333345,157.03302341744654,27.0,7.3,0.0,0.0,60.7928455466632,0.1455427531837477
2016-09-02,4.0,4.37,44.31,154.0,10.737499999999999,296.4630025704864,28.212499999999995,0.4,0.9000616452484974,3.6002465809939896,0.0,0.08519701810436635
2016-09-03,6.0,13.49,46.77,216.0,15.508333333333333,284.42446913915904,28.21666666666667,0.2,0.7893803080905517,4.73628184854331,3.6002465809939896,0.06057546693589096
2016-09-04,8.0,21.68,57.64,262.0,13.691666666666668,271.62134259815156,28.170833333333334,0.0,0.6337118676321082,5.0696949410568655,4.73628184854331,0.06806579693703912
2016-09-05,5.0,16.55,45.37,260.0,14.583333333333334,273.6330688048028,27.933333333333337,0.1,0.6604766851378377,3.3023834256891886,5.0696949410568655,0.0641711229946524
2016-09-06,7.0,21.700000000000003,50.42,329.0,15.554166666666665,274.68945377770365,28.2375,0.0,0.6742072988016636,4.719451091611646,3.3023834256891886,0.06040775232821545
2016-09-07,4.0,9.08,50.73,291.0,12.862499999999999,277.0726688048641,28.291666666666668,0.0,0.7043349123873861,2.8173396495495444,4.719451091611646,0.07213706041478811
2016-09-08,24.0,81.92999999999999,71.72,300.0,12.100000000000001,284.4500516450289,28.445833333333336,0.1,0.7896543371131121,18.95170409071469,2.8173396495495444,0.07633587786259541
2016-09-09,30.0,98.55,87.99,335.0,12.408333333333333,277.0237422808216,28.774999999999995,0.0,0.7037284789845454,21.11185436953636,18.95170409071469,0.07458048477315103
2016-09-10,22.0,105.25,45.7,240.0,13.3125,272.8900877652549,29.024999999999995,0.0,0.6506848507774153,14.315066717103138,21.11185436953636,0.06986899563318777
2016-09-11,9.0,42.18,45.89,177.0,11.504166666666665,273.25165443930166,28.920833333333334,0.0,0.6554637498325022,5.89917374849252,14.315066717103138,0.07997334221926027
2016-09-12,8.0,23.09,49.7,178.0,11.266666666666666,276.7275386872934,28.8125,0.0,0.7000461598537429,5.600369278829943,5.89917374849252,0.08152173913043478
2016-09-13,10.0,38.56,57.08,193.0,6.520833333333333,316.98838476178435,29.020833333333332,0.0,0.9957110703316101,9.9571107033161,5.600369278829943,0.1329639889196676
2016-09-14,18.0,46.25,47.36,150.0,6.5,65.20415661050276,27.912499999999994,0.1,0.0,0.0,9.9571107033161,0.13333333333333333
2016-09-15,17.0,56.25,79.99,215.0,4.675,27.656834774647905,28.666666666666668,0.0,0.4169153999350777,7.087561798896321,0.0,0.1762114537444934
2016-09-16,13.0,84.31,67.11,233.0,5.670833333333333,19.789641934005658,29.066666666666666,0.0,0.5374054291846427,6.9862705794003555,7.087561798896321,0.14990630855715179
2016-09-17,6.0,25.490000000000002,81.9,220.0,4.295833333333333,71.82937210571004,28.683333333333334,0.0,0.0,0.0,6.9862705794003555,0.18882769472856017
2016-09-18,26.0,123.14,86.16,266.0,6.595833333333332,109.58478694298145,28.6875,0.0,0.0,0.0,0.0,0.13165112452002195
2016-09-19,49.0,228.33,75.02,192.0,3.816666666666667,139.36075499685273,28.9875,0.0,0.0,0.0,0.0,0.20761245674740486
2016-09-20,58.0,236.87,94.23,264.0,5.25,142.62382041938218,29.962499999999995,0.0,0.0,0.0,0.0,0.16
2016-09-21,29.0,153.29,89.62,284.0,10.225,105.25536695720393,29.608333333333334,0.0,0.0,0.0,0.0,0.08908685968819599
2016-09-22,22.0,94.94,32.73,150.0,13.0625,107.51963060287238,26.9375,2.0,0.0,0.0,0.0,0.07111111111111111
2016-09-23,41.0,167.28,55.64,134.0,5.016666666666667,99.61095399385823,27.391666666666666,0.0,0.0,0.0,0.0,0.16620498614958448
2016-09-24,92.0,427.87,56.46,197.0,6.004166666666667,107.83873278704078,28.091666666666665,0.2,0.0,0.0,0.0,0.14277215942891136
2016-09-25,126.0,488.38,56.64,175.0,6.05,97.40780686194319,27.591666666666665,0.0,0.0,0.0,0.0,0.14184397163120568
2016-09-26,75.0,323.48,89.09,236.0,5.679166666666667,108.0191898644996,28.145833333333332,0.2,0.0,0.0,0.0,0.14971927635683094
2016-09-27,28.0,127.6,52.49,185.0,6.091666666666666,121.3536453304207,28.474999999999998,0.0,0.0,0.0,0.0,0.14101057579318452
2016-09-28,49.0,184.62,105.43,103.0,5.708333333333333,113.84173719546402,29.09166666666667,0.0,0.0,0.0,0.0,0.14906832298136646
2016-09-29,68.0,317.51,101.84,289.0,5.7124999999999995,116.11793953170775,28.975000000000005,0.1,0.0,0.0,0.0,0.148975791433892
2016-09-30,163.0,687.42,84.33,224.0,4.295833333333333,125.73550205184074,29.070833333333336,0.0,0.0,0.0,0.0,0.18882769472856017
2016-10-01,190.0,830.95,117.28,312.0,5.716666666666666,130.9005902205878,29.725000000000005,0.0,0.0,0.0,0.0,0.14888337468982632
2016-10-02,97.0,520.68,81.87,234.0,6.183333333333333,99.0824070258343,29.712499999999995,0.30000000000000004,0.0,0.0,0.0,0.1392111368909513
2016-10-03,69.0,285.51,103.12,282.0,4.929166666666667,93.61954016252838,29.316666666666666,1.7,0.0,0.0,0.0,0.16865776528460996
2016-10-04,67.0,369.8,159.8,351.0,4.0375000000000005,61.37416210203588,29.05,1.7,0.0,0.0,0.0,0.19851116625310172
2016-10-05,166.0,779.35,81.71,232.0,5.295833333333334,37.30183081258298,27.95,7.699999999999999,0.2587347570051089,42.949969662848076,0.0,0.1588352084712111
2016-10-06,296.0,1256.71,117.86,280.0,4.383333333333333,71.79557107259541,28.158333333333335,0.0,0.0,0.0,42.949969662848076,0.18575851393188855
2016-10-07,314.0,1719.16,114.06,311.0,6.329166666666666,320.8049615503301,28.5125,0.0,0.9996610294753809,313.8935632552696,0.0,0.1364411597498579
2016-10-08,167.0,955.64,132.11,408.0,7.6625000000000005,331.63060471232444,28.2625,0.0,0.9867602860199817,164.78896776533693,313.8935632552696,0.11544011544011543
2016-10-09,421.0,1951.84,144.47,416.0,5.679166666666667,256.8922310971303,28.037499999999998,0.0,0.4162077918045669,175.22348034972268,164.78896776533693,0.14971927635683094
2016-10-10,603.0,3395.83,125.8,387.0,6.945833333333333,308.7897973713802,27.304166666666664,0.0,0.9723412546804774,586.3217765723278,175.22348034972268,0.12585212375458837
2016-10-11,948.0,4802.26,134.84,408.0,9.258333333333333,303.4641481963168,26.55,0.0,0.9464652776118552,897.2490831760387,586.3217765723278,0.0974817221770918
2016-10-12,756.0,4129.64,114.3,405.0,9.525,296.5676610101736,26.395833333333332,0.0,0.9008561221571503,681.0472283508057,897.2490831760387,0.09501187648456057
2016-10-13,681.0,4195.64,86.93,371.0,9.245833333333332,290.04965278742145,26.041666666666668,0.0,0.8457540994480103,575.958541724095,681.0472283508057,0.09760065067100449
2016-10-14,978.0,5557.97,94.83,375.0,7.3374999999999995,299.81097943061746,25.30416666666667,0.0,0.9239740018730249,903.6465738318184,575.958541724095,0.11994002998500752
2016-10-15,1121.0,7724.03,144.98,400.0,7.3374999999999995,308.39581503904265,25.325,0.0,0.9707122210734968,1088.1683998233898,903.6465738318184,0.11994002998500752
2016-10-16,1494.0,9532.67,132.01,430.0,7.575,312.054928649711,25.48333333333333,0.0,0.9840658362058853,1470.1943592915927,1088.1683998233898,0.11661807580174928
2016-10-17,1642.0,8950.31,149.35,425.0,7.404166666666666,296.0891520317506,25.679166666666664,0.0,0.8971991883386131,1473.2010672520028,1470.1943592915927,0.11898859692612794
2016-10-18,1184.0,7547.26,161.49,438.0,7.162499999999999,303.30956585716984,24.75,0.0,0.9455909138150149,1119.5796419569776,1473.2010672520028,0.12251148545176113
2016-10-19,1375.0,8102.03,140.57,428.0,6.654166666666666,281.52163164759946,24.90416666666667,0.0,0.7572778179704136,1041.2569997093187,1119.5796419569776,0.13064779531845402
2016-10-20,1262.0,7533.92,135.9,425.0,9.387500000000001,276.4507363123474,25.4875,0.0,0.6965881178306325,879.0942047022581,1041.2569997093187,0.09626955475330926
2016-10-21,1649.0,11042.1,161.11,496.0,10.866666666666667,288.04715863027127,25.858333333333334,0.0,0.8265929658111405,1363.0518006225707,879.0942047022581,0.08426966292134831
2016-10-22,2544.0,13845.22,140.92,472.0,11.279166666666667,291.4907524826549,25.8625,0.0,0.8589055679876157,2185.0557649604943,1363.0518006225707,0.08143875127248049
2016-10-23,1974.0,13296.29,182.14,470.0,11.533333333333333,295.8004365406818,25.287500000000005,0.0,0.8949624371864014,1766.6558510059565,2185.0557649604943,0.0797872340425532
2016-10-24,1300.0,8890.05,164.51,454.0,9.679166666666667,286.8286627334619,25.166666666666668,0.0,0.8144380114041596,1058.7694148254075,1766.6558510059565,0.09364026531408505
2016-10-25,2028.0,11385.22,115.76,396.0,10.35,298.35639277695384,25.316666666666663,0.0,0.9139677855504821,1853.5266690963776,1058.7694148254075,0.0881057268722467
2016-10-26,2592.0,19244.93,209.27,413.0,7.166666666666667,324.4251870115611,24.899999999999995,0.0,0.9993101363153253,2590.211873329323,1853.5266690963776,0.12244897959183672
2016-10-27,3073.0,20152.89,296.27,558.0,8.775,324.33584895755615,23.908333333333335,0.0,0.9993668291131648,3071.0542658647555,2590.211873329323,0.10230179028132992
2016-10-28,2758.0,19461.63,318.57,570.0,7.741666666666667,293.27612933086056,23.6875,0.0,0.874444481046104,2411.7178787251546,3071.0542658647555,0.11439466158245948
2016-10-29,2174.0,16981.5,350.39,554.0,5.695833333333333,110.0528540628705,23.808333333333337,0.0,0.0,0.0,2411.7178787251546,0.14934660858743
2016-10-30,1559.0,9209.07,355.77,522.0,6.3625,79.5561554972669,23.320833333333336,0.0,0.0,0.0,0.0,0.13582342954159593
2016-10-31,5662.0,48949.92,434.92,520.0,5.641666666666667,38.631114121390624,23.625,0.0,0.23625677671036566,1337.6858697340904,0.0,0.15056461731493098
2016-11-01,5569.0,41071.66,394.59,550.0,5.991666666666667,327.68052252507897,22.7,0.0,0.9955887112004842,5544.433532675496,1337.6858697340904,0.1430274135876043
2016-11-02,3468.0,19041.82,537.96,593.0,6.1875,333.72283081441367,23.1125,0.0,0.9801813808263738,3399.2690287058645,5544.433532675496,0.1391304347826087
2016-11-03,3985.0,26516.9,482.4,625.0,5.733333333333333,340.12035376479076,23.0625,0.0,0.9520038102326748,3793.735183777209,3399.2690287058645,0.1485148514851485
2016-11-04,3374.0,21492.87,342.45,480.0,6.658333333333332,304.02429207714107,22.616666666666664,0.0,0.949575859979409,3203.868951570526,3793.735183777209,0.1305767138193689
2016-11-05,4435.0,28237.32,588.39,603.0,8.450000000000001,304.90746983282725,22.5125,0.0,0.9542958379334758,4232.302041234965,3203.868951570526,0.10582010582010581
2016-11-06,6454.0,47900.71,685.36,676.0,7.129166666666666,327.3088991542435,22.287500000000005,0.0,0.99617631870521,6429.321960923425,4232.302041234965,0.1230138390568939
2016-11-07,8692.0,59500.87,488.57,716.0,9.495833333333332,305.93666972573783,22.108333333333334,0.0,0.9595100586474901,8340.061429763984,6429.321960923425,0.09527590313616516
2016-11-08,3971.0,32289.39,338.38,542.0,12.929166666666665,295.2137127158026,22.350000000000005,0.0,0.8903469871607113,3535.5678860151843,8340.061429763984,0.0717918037690697
2016-11-09,3769.0,31019.2,307.08,455.0,9.470833333333333,299.183946035437,21.691666666666666,0.0,0.9197332422286952,3466.4745899599525,3535.5678860151843,0.0955033824114604
2016-11-10,3029.0,16939.05,291.71,471.0,7.145833333333333,323.0304193952065,21.004166666666666,0.0,0.9999180359282147,3028.7517308265624,3466.4745899599525,0.12276214833759592
2016-11-11,4126.0,31410.06,295.88,514.0,7.3875,111.33449616818905,20.962500000000002,0.0,0.0,0.0,3028.7517308265624,0.11922503725782416
2016-11-12,2098.0,13740.52,277.67,491.0,7.6000000000000005,133.75673683364067,21.641666666666666,0.0,0.0,0.0,0.0,0.11627906976744184
2016-11-13,1143.0,7096.05,228.16,469.0,4.858333333333333,134.4217085053158,21.920833333333334,0.0,0.0,0.0,0.0,0.17069701280227595
2016-11-14,767.0,5165.99,194.2,404.0,4.720833333333332,11.262903054755213,21.858333333333334,0.0,0.6565058205809673,503.53996438560193,0.0,0.17479970866715225
2016-11-15,996.0,6112.64,236.09,379.0,6.741666666666667,335.29245839997907,21.329166666666666,0.0,0.9743872299914164,970.4896810714507,503.53996438560193,0.12917115177610333
2016-11-16,1157.0,7796.23,291.98,428.0,8.691666666666668,312.2596261947562,20.07083333333333,0.0,0.9846947871078735,1139.2918686838098,970.4896810714507,0.10318142734307822
2016-11-17,1364.0,7761.79,351.47,504.0,12.475000000000001,297.4826672847069,20.025000000000002,0.0,0.9076737596333848,1238.067008139937,1139.2918686838098,0.07421150278293134
2016-11-18,870.0,4516.16,237.21,512.0,10.404166666666667,292.3515454127262,20.075,0.0,0.8665024807890531,753.8571582864762,1238.067008139937,0.08768724881256851
2016-11-19,411.0,2268.0,285.71,494.0,6.991666666666667,291.29749306709465,19.54583333333333,0.0,0.8571732506215705,352.29820600546543,753.8571582864762,0.12513034410844628
2016-11-20,429.0,2498.65,323.74,438.0,6.404166666666666,134.294163897707,19.683333333333334,0.0,0.0,0.0,352.29820600546543,0.13505908835115366
2016-11-21,270.0,1688.91,340.61,474.0,7.095833333333332,269.26149774463454,20.383333333333333,0.0,0.6013224026930197,162.35704872711534,0.0,0.12352032938754506
2016-11-22,335.0,1823.13,281.76,471.0,9.879166666666666,289.95523998706955,20.55,0.0,0.8448737226545576,283.0326970892768,162.35704872711534,0.09191880505553428
2016-11-23,266.0,977.42,174.56,432.0,10.441666666666668,294.89688528530655,20.724999999999998,0.0,0.8878158198891802,236.15900809052195,283.0326970892768,0.0873998543335761
2016-11-24,136.0,550.38,216.1,397.0,10.183333333333334,306.92537668496607,20.008333333333333,0.0,0.9642275882026209,131.13495199555643,236.15900809052195,0.08941877794336811
2016-11-25,182.0,752.67,136.21,375.0,17.816666666666666,302.03536988181474,21.275,0.0,0.9381220809343154,170.7382187300454,131.13495199555643,0.053144375553587246
2016-11-26,89.0,384.11,113.3,330.0,17.408333333333335,300.0303317640605,21.979166666666668,0.0,0.9254314266769192,82.36339697424582,170.7382187300454,0.05432322317790855
2016-11-27,186.0,856.25,128.7,347.0,14.816666666666668,298.76628925230966,21.520833333333332,0.0,0.9168473881979926,170.53361420482662,82.36339697424582,0.06322444678609061
2016-11-28,191.0,639.32,127.5,274.0,12.645833333333334,299.5393165087819,20.929166666666667,0.0,0.9221502445213918,176.13069670358584,170.53361420482662,0.0732824427480916
2016-11-29,134.0,417.15,236.58,360.0,6.204166666666666,10.24233821734822,18.662499999999998,0.0,0.6698370947125502,89.75817069148172,176.13069670358584,0.13880855986119145
2016-11-30,69.0,267.28,246.25,441.0,8.120833333333334,111.66582789239601,19.0625,0.0,0.0,0.0,89.75817069148172,0.10963910461397898
2016-12-01,80.0,562.01,263.61,418.0,5.958333333333333,72.94009805271139,19.866666666666667,0.0,0.0,0.0,0.0,0.1437125748502994
2016-12-02,108.0,506.67,263.25,474.0,5.754166666666666,308.52799753924506,19.245833333333334,0.0,0.9712638879290081,104.89649989633287,0.0,0.14805675508945096
2016-12-03,199.0,968.45,196.6,419.0,6.6000000000000005,290.6642613211893,18.2,0.0,0.8514289362958598,169.4343583228761,104.89649989633287,0.13157894736842105
2016-12-04,232.0,1045.7,223.3,379.0,7.529166666666666,291.53604134933744,17.725,0.0,0.8593101107348181,199.35994569047782,169.4343583228761,0.11724474841231072
2016-12-05,132.0,476.26,204.6,389.0,8.058333333333334,291.23945302291156,18.008333333333333,0.0,0.856651092596381,113.07794422272228,199.35994569047782,0.11039558417663294
2016-12-06,84.0,295.99,293.91,402.0,5.745833333333334,345.70786466205243,18.141666666666666,0.0,0.9176781295094006,77.08496287878965,113.07794422272228,0.14823965410747375
2016-12-07,72.0,308.84,283.61,472.0,4.833333333333333,349.92585999536703,18.162499999999998,0.0,0.8859687371219009,63.78974907277687,77.08496287878965,0.17142857142857143
2016-12-08,144.0,605.72,238.21,422.0,4.216666666666667,140.64903275067968,17.766666666666666,0.0,0.0,0.0,63.78974907277687,0.19169329073482427
2016-12-09,188.0,742.08,295.62,443.0,4.3875,225.18961732645383,18.2,0.0,0.0,0.0,0.0,0.18561484918793503
2016-12-10,7.0,18.11,189.09,413.0,7.783333333333334,160.27807215328085,18.599999999999998,0.0,0.0,0.0,0.0,0.11385199240986715
2016-12-11,50.0,163.82,199.12,351.0,5.679166666666667,269.28532723428646,19.22083333333333,0.0,0.6016546599146259,30.08273299573129,0.0,0.14971927635683094
2016-12-12,26.0,78.63,210.28,418.0,6.987500000000001,311.73074630158504,18.683333333333334,0.0,0.9830440634352344,25.559145649316093,30.08273299573129,0.1251956181533646
2016-12-13,67.0,303.08,209.91,413.0,7.287499999999999,316.0863776275193,18.108333333333334,0.0,0.9941312431034596,66.6067932879318,25.559145649316093,0.12066365007541481
2016-12-14,118.0,364.86,154.55,379.0,9.283333333333333,315.4968949661005,17.337500000000002,0.0,0.9929656399685166,117.16994551628495,66.6067932879318,0.09724473257698542
2016-12-15,91.0,285.44,167.64,359.0,11.391666666666666,293.1854650613254,16.333333333333332,0.0,0.8736757286709939,79.50449130906044,117.16994551628495,0.08069939475453934
2016-12-16,112.0,438.87,200.78,390.0,7.616666666666666,315.4620666602332,15.308333333333332,0.0,0.9928934831369794,111.2040701113417,79.50449130906044,0.11605415860735009
2016-12-17,133.0,1019.31,229.35,437.0,8.012500000000001,312.81991846284296,15.233333333333334,0.0,0.9863520273133692,131.1848196326781,111.2040701113417,0.11095700416088765
2016-12-18,183.0,777.29,232.33,411.0,8.362499999999999,308.162707406376,15.008333333333335,0.0,0.9697267530493843,177.45999580803732,131.1848196326781,0.10680907877169561
2016-12-19,240.0,1196.85,236.24,443.0,11.079166666666666,298.2221975696625,15.258333333333335,0.0,0.9130148668524803,219.1235680445953,177.45999580803732,0.08278716798896171
2016-12-20,163.0,900.99,161.92,377.0,16.741666666666664,295.79864956546487,17.208333333333332,0.0,0.8949485222218792,145.87660912216631,219.1235680445953,0.056364490371066236
2016-12-21,352.0,1662.44,131.95,317.0,14.783333333333331,292.1789268811545,17.325,0.0,0.86499466195574,304.4781210084205,145.87660912216631,0.06335797254487857
2016-12-22,221.0,810.03,187.3,349.0,7.55,317.142661001979,16.429166666666664,0.0,0.9959565753599026,220.10640315453847,304.4781210084205,0.11695906432748537
2016-12-23,140.0,574.71,364.15,470.0,3.15,320.16027554222245,16.695833333333336,0.0,0.9993048111178792,139.9026735565031,220.10640315453847,0.24096385542168672
2016-12-24,125.0,686.92,411.8,576.0,9.604166666666666,125.13062508616883,16.095833333333335,0.0,0.0,0.0,139.9026735565031,0.09430255402750491
2016-12-25,103.0,366.01,232.41,412.0,9.045833333333333,218.60735714816948,16.179166666666667,0.0,0.0,0.0,0.0,0.09954375777685609
2016-12-26,74.0,327.82,154.26,338.0,11.470833333333331,308.7605438047723,16.054166666666667,0.0,0.9722218765572005,71.94441886523283,0.0,0.08018710324089544
2016-12-27,67.0,268.79,213.2,319.0,10.216666666666667,299.92015389937114,15.6625,0.0,0.9247010749974155,61.95497202482684,71.94441886523283,0.08915304606240713
2016-12-28,41.0,300.24,273.82,455.0,6.337500000000001,292.13252592594773,15.791666666666666,0.0,0.8645880112293781,35.448108460404505,61.95497202482684,0.13628620102214647
2016-12-29,58.0,253.67,339.96,524.0,8.700000000000001,121.75350787774045,15.779166666666667,0.0,0.0,0.0,35.448108460404505,0.10309278350515463
2016-12-30,109.0,371.18,231.1,381.0,9.108333333333333,118.08270398407552,16.02916666666667,0.0,0.0,0.0,0.0,0.0989282769991756
2016-12-31,65.0,254.6,211.16,338.0,9.254166666666666,124.76256621405958,15.629166666666668,0.0,0.0,0.0,0.0,0.09752133279154815
2017-09-01,3.0,10.040000000000001,25.58,91.0,9.970833333333333,225.36894426989159,26.524999999999995,33.7,0.0,0.0,0.0,0.09115077857956703
2017-09-02,4.0,7.28,20.06,88.0,9.795833333333333,252.94340605056502,25.683333333333334,24.700000000000003,0.35260244104615945,1.4104097641846378,0.0,0.09262832883056736
2017-09-03,7.0,6.3100000000000005,38.19,88.0,6.3999999999999995,273.0824185585169,27.537499999999998,0.5,0.6532301632498747,4.572611142749123,1.4104097641846378,0.13513513513513514
2017-09-04,3.0,3.89,47.89,89.0,10.341666666666667,279.32404503805947,28.67083333333333,0.0,0.7316775491097575,2.1950326473292723,4.572611142749123,0.0881704628949302
2017-09-05,6.0,50.16,35.61,88.0,10.104166666666666,277.11359267843903,28.51666666666667,0.1,0.7048417602750272,4.229050561650164,2.1950326473292723,0.0900562851782364
2017-09-06,4.0,13.31,39.41,88.0,7.279166666666666,260.871399915316,28.712499999999995,1.5,0.4783021102313477,1.9132084409253909,4.229050561650164,0.12078510317060898
2017-09-07,12.0,21.52,40.34,88.0,6.579166666666667,294.4734510148172,27.475000000000005,0.4,0.8843905876202512,10.612687051443014,1.9132084409253909,0.1319406267179769
2017-09-08,9.0,27.62,51.7,106.0,6.158333333333334,314.2784928578622,28.229166666666668,0.30000000000000004,0.9902234737612449,8.912011263851204,10.612687051443014,0.13969732246798602
2017-09-09,20.0,69.9,54.83,96.0,8.229166666666666,296.8746214405551,28.741666666666664,0.0,0.9031689557207937,18.063379114415874,8.912011263851204,0.10835214446952597
2017-09-10,11.0,25.63,60.46,118.0,5.908333333333334,180.4040629278417,29.858333333333334,0.0,0.0,0.0,18.063379114415874,0.1447527141133896
2017-09-11,21.0,74.97,63.97,119.0,6.941666666666666,329.0043113216842,29.77916666666667,0.0,0.9931554093026598,20.856263595355856,0.0,0.12591815320041974
2017-09-12,28.0,101.14999999999999,46.65,106.0,7.166666666666667,292.00402611163577,29.416666666666668,0.0,0.8634589001763278,24.176849204937177,20.856263595355856,0.12244897959183672
2017-09-13,25.0,94.57000000000001,54.77,115.0,6.529166666666666,282.4975057876219,29.854166666666668,0.0,0.7682910605207034,19.207276513017586,24.176849204937177,0.13281682346430548
2017-09-14,19.0,69.47,80.47,142.0,6.125,342.39139279016445,29.53333333333333,0.0,0.9391268671556138,17.843410475956663,19.207276513017586,0.14035087719298245
2017-09-15,13.0,28.88,64.37,169.0,7.770833333333333,328.77025261875934,29.30416666666667,0.0,0.9936242618206663,12.917115403668662,17.843410475956663,0.1140142517814727
2017-09-16,38.0,158.68,51.56,110.0,5.983333333333333,333.1457410318378,28.683333333333337,0.0,0.982126936978077,37.32082360516692,12.917115403668662,0.1431980906921241
2017-09-17,69.0,354.46,53.05,106.0,9.75,319.534183521374,28.7375,0.0,0.9988377713183403,68.91980622096548,37.32082360516692,0.09302325581395349
2017-09-18,30.0,128.69,60.83,99.0,9.508333333333333,327.4316207180942,29.158333333333335,0.0,0.995986905863399,29.87960717590197,68.91980622096548,0.09516256938937352
2017-09-19,49.0,226.06,55.55,109.0,5.7875000000000005,82.12998047396968,29.508333333333336,0.1,0.0,0.0,29.87960717590197,0.14732965009208102
2017-09-20,58.0,292.78,70.81,137.0,5.245833333333333,39.174895570684214,30.03333333333333,0.0,0.22702417577921621,13.16740219519454,0.0,0.16010673782521684
2017-09-21,34.0,173.09,55.93,144.0,10.654166666666667,109.05919667671975,29.120833333333334,0.0,0.0,0.0,13.16740219519454,0.08580622095101895
2017-09-22,60.0,307.83,11.81,92.0,11.75,43.11911593752876,25.600000000000005,12.4,0.1594972360837834,9.569834165027004,0.0,0.0784313725490196
2017-09-23,46.0,162.43,17.76,83.0,10.629166666666666,330.76837345767933,24.3125,18.0,0.9890891554294284,45.49810114975371,9.569834165027004,0.08599068434252956
2017-09-24,36.0,133.86,35.5,84.0,11.291666666666666,315.3937707435008,25.366666666666664,0.0,0.9927509234876172,35.73903324555422,45.49810114975371,0.08135593220338984
2017-09-25,25.0,123.41,50.09,104.0,9.970833333333333,310.2361328858908,27.541666666666668,0.0,0.977926793426775,24.448169835669376,35.73903324555422,0.09115077857956703
2017-09-26,56.0,308.33,66.12,131.0,6.529166666666666,300.23404328093665,28.329166666666666,0.0,0.9267727833464499,51.899275867401194,24.448169835669376,0.13281682346430548
2017-09-27,85.0,460.44,80.94,165.0,6.429166666666667,202.46424041500956,28.441666666666666,0.0,0.0,0.0,51.899275867401194,0.1346045989904655
2017-09-28,157.0,735.38,75.4,176.0,6.195833333333333,270.8245132252215,28.641666666666666,0.0,0.6228926757936775,97.79415009960736,0.0,0.13896931094383325
2017-09-29,84.0,410.15,89.38,172.0,6.8,340.34613599267055,29.041666666666668,0.0,0.9507902452703831,79.86638060271218,97.79415009960736,0.12820512820512822
2017-09-30,121.0,603.42,74.2,137.0,7.625,321.06729689932723,28.837499999999995,0.0,0.9997697554595447,120.97214041060491,79.86638060271218,0.11594202898550725
2017-10-01,113.0,579.99,68.47,131.0,6.675,255.78397358848355,28.46666666666667,0.0,0.3985432642634399,45.03538886176871,120.97214041060491,0.13029315960912052
2017-10-02,127.0,647.37,63.41,132.0,7.020833333333333,272.948372798187,29.03333333333333,0.0,0.6514569725600049,82.73503551512063,45.03538886176871,0.12467532467532469
2017-10-03,178.0,828.32,69.45,115.0,7.8875,350.2679369286339,28.09166666666667,0.0,0.8831842348165012,157.2067937973372,82.73503551512063,0.11251758087201126
2017-10-04,213.0,1011.71,76.81,151.0,7.7,348.29486569750827,28.087499999999995,0.0,0.8988090835451402,191.44633479511486,157.2067937973372,0.1149425287356322
2017-10-05,243.0,1305.32,75.73,180.0,8.454166666666667,10.834691914234213,28.116666666666664,0.0,0.6621249974952482,160.89637439134532,191.44633479511486,0.10577346848832084
2017-10-06,254.0,1332.27,79.81,183.0,8.916666666666666,343.460477172491,27.920833333333334,0.0,0.9325530631398314,236.86847803751718,160.89637439134532,0.10084033613445378
2017-10-07,298.0,1685.3,70.98,193.0,6.791666666666667,321.0716675975721,27.72083333333333,0.0,0.9997713894156482,297.9318740458632,236.86847803751718,0.1283422459893048
2017-10-08,523.0,2970.92,102.2,224.0,6.4375,33.27907855903419,27.441666666666663,0.0,0.32586109952688097,170.42535505255876,297.9318740458632,0.13445378151260504
2017-10-09,479.0,1991.44,107.63,268.0,7.729166666666667,92.57082467144664,27.912499999999998,0.0,0.0,0.0,170.42535505255876,0.11455847255369928
2017-10-10,425.0,2220.81,105.88,253.0,6.8875,74.22846677668656,27.899999999999995,0.0,0.0,0.0,0.0,0.12678288431061807
2017-10-11,231.0,1371.98,104.45,208.0,7.166666666666667,80.48649957261489,27.96666666666667,0.0,0.0,0.0,0.0,0.12244897959183672
2017-10-12,573.0,2847.75,106.85,211.0,6.783333333333334,335.44967688186733,28.25,0.0,0.9737665053028435,557.9682075385293,0.0,0.1284796573875803
2017-10-13,504.0,3155.36,137.42,246.0,7.25,295.67448039498055,28.099999999999998,0.0,0.8939795004979828,450.5656682509833,557.9682075385293,0.12121212121212122
2017-10-14,898.0,4869.87,147.07,319.0,7.470833333333334,322.04096852404416,28.0625,0.0,0.9999900290221965,897.9910460619325,450.5656682509833,0.11805213969503195
2017-10-15,992.0,5842.3,147.83,317.0,6.566666666666666,347.600333430434,28.004166666666666,0.0,0.9040564252134602,896.8239738117525,897.9910460619325,0.13215859030837004
2017-10-16,573.0,3625.12,152.61,310.0,7.4875,351.37164414272127,27.90416666666667,0.0,0.8739859298556893,500.79393780731,896.8239738117525,0.117820324005891
2017-10-17,956.0,5402.4,121.7,313.0,9.25,325.40209458240923,26.566666666666663,0.0,0.9985316982118658,954.5963034905437,500.79393780731,0.0975609756097561
2017-10-18,1008.0,7085.48,152.16,310.0,7.841666666666666,338.771279229022,26.241666666666664,0.0,0.958946300500783,966.6178709047892,954.5963034905437,0.11310084825636195
2017-10-19,1731.0,11291.21,176.17,336.0,6.629166666666667,38.44964414434128,27.354166666666668,0.0,0.2393331724356877,414.2857214861754,966.6178709047892,0.13107591480065536
2017-10-20,2132.0,11200.46,426.52,497.0,7.1125,26.789292728480973,28.05,0.0,0.43062984659759174,918.1028329460656,414.2857214861754,0.12326656394453003
2017-10-21,1275.0,7993.55,213.12,404.0,8.487499999999999,335.1414524256699,27.17083333333333,0.0,0.9749765192828496,1243.0950620856331,918.1028329460656,0.10540184453227933
2017-10-22,1083.0,6090.48,146.01,338.0,8.333333333333334,160.812198764811,26.991666666666664,0.0,0.0,0.0,1243.0950620856331,0.10714285714285714
2017-10-23,1156.0,7120.75,163.35,327.0,6.666666666666667,27.68854358395214,26.541666666666668,0.0,0.41641230477000024,481.3726243141203,0.0,0.13043478260869565
2017-10-24,1737.0,11638.77,188.24,366.0,10.183333333333335,310.1795016264246,25.554166666666664,0.0,0.977719791354575,1698.2992775828968,481.3726243141203,0.0894187779433681
2017-10-25,2038.0,11096.08,203.03,357.0,7.054166666666667,302.6991028709159,25.125,0.0,0.9420707523243882,1919.9401932371031,1698.2992775828968,0.12415933781686497
2017-10-26,1724.0,12090.68,178.91,328.0,7.241666666666667,131.8554401135347,24.675,0.0,0.0,0.0,1919.9401932371031,0.12133468149646107
2017-10-27,1458.0,10029.32,167.54,345.0,6.404166666666668,130.09824171339028,24.075,0.0,0.0,0.0,0.0,0.1350590883511536
2017-10-28,2753.0,16584.14,198.37,379.0,6.7749999999999995,83.23743357549392,24.7,0.0,0.0,0.0,0.0,0.12861736334405147
2017-10-29,3387.0,23377.29,187.82,362.0,6.541666666666667,79.48046093561601,23.962499999999995,0.0,0.0,0.0,0.0,0.13259668508287292
2017-10-30,3644.0,22485.95,196.37,340.0,6.404166666666666,15.838240344377141,23.399999999999995,0.0,0.5942416626792019,2165.4166188030117,0.0,0.13505908835115366
2017-10-31,3491.0,22821.59,211.64,366.0,4.816666666666666,78.45643283733153,24.058333333333337,0.0,0.0,0.0,2165.4166188030117,0.17191977077363899
2017-11-01,2723.0,19591.02,179.17,344.0,7.7625,129.90180970666813,24.379166666666666,0.0,0.0,0.0,0.0,0.11412268188302425
2017-11-02,1415.0,7515.81,160.69,305.0,6.466666666666666,75.98214928255027,23.96666666666667,0.0,0.0,0.0,0.0,0.13392857142857145
2017-11-03,2010.0,12768.81,168.16,310.0,6.558333333333333,69.0410047675212,23.370833333333337,0.0,0.0,0.0,0.0,0.13230429988974643
2017-11-04,5264.0,31527.5,190.33,345.0,7.441666666666666,82.08344096612416,22.90833333333333,0.0,0.0,0.0,0.0,0.11846001974333663
2017-11-05,2627.0,12147.04,209.61,370.0,4.75,69.41620745886974,23.90833333333333,0.0,0.0,0.0,0.0,0.17391304347826086
2017-11-06,225.0,952.72,216.53,377.0,6.325,313.81284490446194,23.691666666666663,0.0,0.9890571363699842,222.53785568324645,0.0,0.13651877133105803
2017-11-07,493.0,2844.1,517.93,532.0,6.216666666666666,341.9120063212817,22.899999999999995,0.0,0.9419685731941841,464.3905065847328,222.53785568324645,0.13856812933025406
2017-11-08,2493.0,12709.78,639.19,675.0,7.116666666666667,330.4540256585348,22.89166666666667,0.0,0.989882512308162,2467.777103184248,464.3905065847328,0.12320328542094455
2017-11-09,1024.0,5925.61,495.9,677.0,7.795833333333333,354.2989083817799,22.191666666666666,0.0,0.8480288836942105,868.3815769028715,2467.777103184248,0.11369019422074844
2017-11-10,1999.0,8942.07,370.73,597.0,7.7749999999999995,1.9133387608311523,22.1125,0.0,0.7703295612812512,1539.888793001221,868.3815769028715,0.11396011396011398
2017-11-11,168.0,662.53,363.77,471.0,7.508333333333333,352.95518683458533,21.3,0.0,0.8602231226329288,144.51748460233205,1539.888793001221,0.11753183153770813
2017-11-12,34.0,164.16,465.08,613.0,7.504166666666667,322.11265669249553,21.0375,0.0,0.9999948336574257,33.999824344352476,144.51748460233205,0.11758941695247428
2017-11-13,280.0,835.95,354.56,561.0,6.454166666666666,105.04879005492529,20.962500000000002,0.0,0.0,0.0,33.999824344352476,0.1341531581889324
2017-11-14,1026.0,5364.62,254.36,444.0,11.870833333333332,121.1568674810801,21.150000000000002,0.0,0.0,0.0,0.0,0.07769504694075753
2017-11-15,93.0,295.88,192.04,378.0,9.112499999999999,96.98188036564517,20.79583333333333,0.0,0.0,0.0,0.0,0.0988875154511743
2017-11-16,90.0,396.87,191.57,357.0,8.575,29.563234589838373,19.974999999999998,0.2,0.386446925279631,34.78022327516679,0.0,0.10443864229765014
2017-11-17,263.0,1594.21,150.79,330.0,9.383333333333333,339.36089037329896,19.879166666666666,0.1,0.9559772738326509,251.4220230179872,34.78022327516679,0.09630818619582665
2017-11-18,2398.0,13953.11,143.51,309.0,10.674999999999999,320.27289063453117,20.224999999999998,0.1,0.9993761573381859,2396.5040252969698,251.4220230179872,0.08565310492505354
2017-11-19,2547.0,17797.06,128.65,297.0,12.683333333333332,318.05940371712506,19.0375,0.0,0.9972664229057865,2540.0375791410383,2396.5040252969698,0.07308160779537151
2017-11-20,2780.0,16775.34,171.34,329.0,11.591666666666669,304.2852515252494,17.016666666666666,0.0,0.9509940436997426,2643.7634414852846,2540.0375791410383,0.07941760423560555
2017-11-21,2442.0,14278.05,178.08,341.0,11.85,284.91745520883165,16.579166666666666,0.0,0.7946331986129207,1940.4942710127523,2643.7634414852846,0.07782101167315175
2017-11-22,1106.0,6647.19,177.41,348.0,11.758333333333335,287.4939339644539,16.7,0.0,0.821120349632286,908.1591066933083,1940.4942710127523,0.0783801436969301
2017-11-23,1094.0,7530.72,175.56,340.0,11.595833333333333,292.9510244563961,16.65416666666667,0.0,0.8716777433910922,953.6154512698548,908.1591066933083,0.07939133311280186
2017-11-24,770.0,5669.47,187.97,348.0,9.883333333333333,285.7285638619757,16.958333333333332,0.0,0.8031475653329675,618.423625306385,953.6154512698548,0.09188361408882083
2017-11-25,904.0,5873.82,185.31,347.0,9.666666666666666,282.7687396121713,17.029166666666665,0.0,0.7713126278911421,697.2666156135924,618.423625306385,0.09375
2017-11-26,902.0,4173.05,224.37,368.0,8.370833333333332,329.7677552463758,16.995833333333334,0.0,0.9915109718865149,894.3428966416365,697.2666156135924,0.10671409515340152
2017-11-27,486.0,2601.14,198.34,382.0,11.133333333333333,283.6230374598144,17.287499999999998,0.0,0.7807163030927939,379.42812330309783,894.3428966416365,0.08241758241758242
2017-11-28,216.0,1418.3,167.74,360.0,8.829166666666667,272.6874713943027,17.441666666666666,0.0,0.647995488516911,139.9670255196528,379.42812330309783,0.10173802458668926
2017-11-29,265.0,1341.3799999999999,215.17,359.0,7.258333333333333,110.29304627745671,17.837500000000002,0.0,0.0,0.0,139.9670255196528,0.12108980827447025
2017-11-30,272.0,1307.94,219.84,388.0,6.974999999999999,318.69632076617967,17.474999999999998,0.0,0.9980261690499622,271.46311798158973,0.0,0.12539184952978058
2017-12-01,320.0,1190.69,190.45,377.0,5.8,308.5166934082983,17.120833333333334,0.0,0.9712169119620723,310.78941182786315,271.46311798158973,0.14705882352941177
2017-12-02,187.0,686.08,208.87,356.0,5.225,53.01311241402101,17.295833333333334,0.0,0.0,0.0,310.78941182786315,0.1606425702811245
2017-12-03,54.0,194.79,240.87,384.0,4.429166666666666,320.7390804291661,17.441666666666666,0.0,0.9996304323796059,53.98004334849872,0.0,0.18419033000767462
2017-12-04,26.0,83.69,261.82,415.0,6.416666666666667,309.28258686787603,16.654166666666665,0.0,0.9743141096475709,25.332166850836845,53.98004334849872,0.1348314606741573
2017-12-05,49.0,307.64,230.56,404.0,6.345833333333334,307.3272363455348,17.366666666666664,0.0,0.9660630379425258,47.337088859183766,25.332166850836845,0.13613159387407825
2017-12-06,109.0,544.4,120.91,330.0,8.379166666666668,290.47282012185445,17.495833333333334,0.0,0.8496717861386172,92.61422468910926,47.337088859183766,0.10661928031985782
2017-12-07,207.0,730.3,88.95,215.0,11.274999999999999,302.5810240980056,17.404166666666665,0.1,0.9413775093792505,194.86514444150484,92.61422468910926,0.0814663951120163
2017-12-08,127.0,473.25,115.08,220.0,11.770833333333334,287.899273403595,16.679166666666664,0.0,0.8251375793785052,104.79247258107016,194.86514444150484,0.07830342577487764
2017-12-09,84.0,323.79,165.76,312.0,7.1875,299.4828948643186,16.691666666666666,0.0,0.9217688672739192,77.4285848510092,104.79247258107016,0.12213740458015267
2017-12-10,62.0,219.0,230.34,389.0,5.412499999999999,350.67979231223455,17.066666666666666,0.0,0.8797899769754951,54.5469785724807,77.4285848510092,0.15594541910331386
2017-12-11,5.0,9.15,218.87,406.0,6.9750000000000005,169.27680215455462,17.25,2.0999999999999996,0.0,0.0,54.5469785724807,0.12539184952978055
2017-12-12,4.0,2.4699999999999998,109.18,280.0,5.566666666666666,31.888017233877804,16.525000000000002,5.6000000000000005,0.34871622715087386,1.3948649086034954,0.0,0.15228426395939088
2017-12-13,0.0,0.0,134.99,263.0,6.25,322.697192469165,14.304166666666667,0.0,0.9999755866611607,0.0,1.3948649086034954,0.13793103448275862
2017-12-14,3.0,5.04,126.67,276.0,8.995833333333334,319.8265625021644,13.620833333333332,0.0,0.999070721605124,2.9972121648153722,0.0,0.10004168403501458
2017-12-15,11.0,27.46,127.57,292.0,12.470833333333333,312.08504346683003,13.025,0.0,0.9841591547858345,10.825750702644179,2.9972121648153722,0.07423445716053201
2017-12-16,56.0,190.95,100.72,228.0,15.141666666666666,296.2274112717459,12.683333333333332,0.0,0.89826225379396,50.30268621246176,10.825750702644179,0.061951471347444505
2017-12-17,110.0,354.38,95.58,195.0,16.995833333333334,289.74933641864186,13.75,0.0,0.8429457671913322,92.72403439104654,50.30268621246176,0.05556841861542024
2017-12-18,127.0,336.39,115.19,223.0,17.766666666666666,290.3459801510992,15.641666666666667,0.0,0.8485023550626992,107.7597990929628,92.72403439104654,0.05328596802841919
2017-12-19,34.0,130.19,168.33,291.0,11.195833333333335,301.9911455509377,14.75,0.0,0.9378545026821729,31.887053091193877,107.7597990929628,0.08199521694567816
2017-12-20,25.0,96.5,283.24,378.0,7.6125,316.12140343224337,15.283333333333333,0.0,0.9941971899153353,24.854929747883382,31.887053091193877,0.11611030478955006
2017-12-21,75.0,238.09,293.14,467.0,8.045833333333334,319.165697635054,16.175,0.0,0.998507137432054,74.88803530740405,24.854929747883382,0.1105481345002303
2017-12-22,89.0,276.44,157.72,370.0,14.916666666666666,294.3717943346336,16.375,0.0,0.883561072090037,78.63693541601329,74.88803530740405,0.06282722513089005
2017-12-23,100.0,383.73,117.72,253.0,13.995833333333332,287.8526231307195,15.708333333333334,0.0,0.8246773379450937,82.46773379450937,78.63693541601329,0.0666851903306474
2017-12-24,43.0,166.82,203.18,309.0,5.4125000000000005,339.19483064327545,15.570833333333333,0.0,0.9568237335051634,41.143420540722026,82.46773379450937,0.15594541910331383
2017-12-25,77.0,278.4,259.0,398.0,8.762500000000001,299.7410821659615,15.075000000000001,0.0,0.9235067429313553,71.11001920571435,41.143420540722026,0.1024327784891165
2017-12-26,29.0,99.6,224.42,372.0,9.75,288.87065448572207,14.4,0.0,0.8345962784961353,24.20329207638792,71.11001920571435,0.09302325581395349
2017-12-27,46.0,120.01,224.27,379.0,6.954166666666666,283.50300055714746,15.254166666666668,0.0,0.7794054308144596,35.85264981746514,24.20329207638792,0.12572027239392353
2017-12-28,118.0,359.75,249.17,398.0,7.883333333333333,325.13730065147513,14.979166666666666,0.0,0.998771384335705,117.85502335161318,35.85264981746514,0.11257035647279551
2017-12-29,90.0,293.29,227.28,399.0,8.1375,334.9854651174466,14.120833333333335,0.0,0.9755781367029871,87.80203230326885,117.85502335161318,0.10943912448700412
2017-12-30,39.0,157.58,273.56,421.0,6.691666666666666,314.30564313542845,14.137499999999998,0.0,0.990289461577774,38.621289001533185,87.80203230326885,0.13001083423618634
2017-12-31,32.0,120.5,306.17,451.0,6.808333333333334,322.2389204081477,12.925000000000002,0.0,0.9999994892091905,31.999983654694095,38.621289001533185,0.128068303094984
2018-09-01,3.0,12.82,45.19,132.0,5.137499999999999,161.06993051720792,28.3625,1.3,0.0,0.0,31.999983654694095,0.1629327902240326
2018-09-02,1.0,5.92,40.9,116.0,4.704166666666667,48.73322468291576,26.712500000000002,32.699999999999996,0.06215657345950446,0.06215657345950446,0.0,0.17531044558071585
2018-09-03,9.0,34.72,42.06,89.0,4.241666666666666,119.76614932777596,26.675,8.200000000000001,0.0,0.0,0.06215657345950446,0.1907790143084261
2018-09-04,19.0,80.24,55.72,118.0,4.816666666666667,296.6731437063207,26.708333333333332,9.0,0.9016538147136289,17.13142247955895,0.0,0.17191977077363896
2018-09-05,1.0,1.44,39.77,108.0,8.370833333333332,281.2531322943518,27.704166666666666,0.9000000000000001,0.7542089917321293,0.7542089917321293,17.13142247955895,0.10671409515340152
2018-09-06,7.0,55.39,49.44,137.0,6.420833333333333,275.67433445922876,28.041666666666668,7.900000000000001,0.6868021745097957,4.80761522156857,0.7542089917321293,0.13475575519371139
2018-09-07,3.0,3.0700000000000003,42.11,117.0,6.791666666666667,98.0388241675621,27.954166666666666,8.6,0.0,0.0,4.80761522156857,0.1283422459893048
2018-09-08,7.0,38.57,35.45,105.0,13.129166666666668,86.82713660072085,27.395833333333332,8.0,0.0,0.0,0.0,0.07077558242406369
2018-09-09,3.0,4.84,29.1,86.0,14.125,114.41822624006488,27.0,0.2,0.0,0.0,0.0,0.06611570247933884
2018-09-10,6.0,16.13,36.99,92.0,6.966666666666666,160.12314454198236,27.495833333333337,2.4,0.0,0.0,0.0,0.12552301255230128
2018-09-11,9.0,32.83,28.33,91.0,8.362499999999999,243.84186144949055,27.787499999999998,3.0,0.20013802190648294,1.8012421971583465,0.0,0.10680907877169561
2018-09-12,11.0,30.83,28.55,96.0,14.766666666666666,264.2382200819869,28.54583333333333,0.4,0.5290514710209085,5.819566181229994,1.8012421971583465,0.06342494714587739
2018-09-13,12.0,33.02,27.49,108.0,13.612499999999997,256.94614446729776,28.575,0.0,0.4170631989666584,5.0047583875999,5.819566181229994,0.06843455945252354
2018-09-14,20.0,59.26,31.38,113.0,9.429166666666667,263.9669353552536,27.84166666666667,0.0,0.525027643183424,10.50055286366848,5.0047583875999,0.09588493807431082
2018-09-15,41.0,167.62,37.48,126.0,8.625,270.670071797034,27.875,0.0,0.6207816971789204,25.452049584335736,10.50055286366848,0.1038961038961039
2018-09-16,11.0,41.7,43.09,124.0,9.0,281.5680721026467,28.029166666666665,0.0,0.7578069263044132,8.335876189348545,25.452049584335736,0.1
2018-09-17,15.0,92.45,55.86,135.0,7.8374999999999995,302.3128862345402,28.070833333333336,0.0,0.9397884227087108,14.096826340630662,8.335876189348545,0.11315417256011318
2018-09-18,19.0,75.69,54.94,154.0,8.858333333333333,308.4348579751296,27.64166666666667,0.0,0.970875705482397,18.446638404165544,14.096826340630662,0.1014370245139476
2018-09-19,30.0,149.4,58.63,157.0,8.754166666666666,317.81005229834494,27.716666666666665,0.0,0.9969354118191192,29.908062354573573,18.446638404165544,0.10252029047415634
2018-09-20,73.0,367.55,73.3,173.0,5.375,45.59693079443963,28.4375,0.0,0.11666900998581507,8.5168377289645,29.908062354573573,0.1568627450980392
2018-09-21,81.0,371.28000000000003,46.73,155.0,13.237499999999999,97.61176985119187,27.212500000000002,6.199999999999999,0.0,0.0,8.5168377289645,0.07023705004389816
2018-09-22,8.0,50.75,24.29,76.0,17.145833333333332,91.12089961608518,24.933333333333334,50.60000000000001,0.0,0.0,0.0,0.055109070034443174
2018-09-23,2.0,9.58,30.71,69.0,20.633333333333333,106.58604836688346,25.454166666666666,15.6,0.0,0.0,0.0,0.046224961479198766
2018-09-24,9.0,25.55,21.46,63.0,15.566666666666668,146.16526752235052,24.583333333333332,12.8,0.0,0.0,0.0,0.06036217303822936
2018-09-25,25.0,120.78999999999999,21.45,63.0,13.1875,296.72456936828917,25.233333333333334,0.30000000000000004,0.9020416034071566,22.551040085178915,0.0,0.07048458149779736
2018-09-26,40.0,151.0,42.83,99.0,8.475,290.88580915601824,26.066666666666663,0.0,0.8534505547455056,34.13802218982022,22.551040085178915,0.10554089709762533
2018-09-27,43.0,171.79,71.44,151.0,5.5249999999999995,316.30253996029444,26.979166666666668,0.0,0.994532305376154,42.76488913117462,34.13802218982022,0.15325670498084293
2018-09-28,26.0,97.26,83.78,200.0,4.975,264.1095920512642,27.679166666666664,0.6,0.5271450701934317,13.705771825029224,42.76488913117462,0.1673640167364017
2018-09-29,40.0,140.73,92.46,229.0,5.491666666666667,291.677345712593,27.2375,0.0,0.8605688597935307,34.42275439174123,13.705771825029224,0.15404364569961487
2018-09-30,60.0,306.56,69.49,176.0,9.945833333333333,301.26548384476797,26.583333333333332,0.0,0.9333842187224757,56.00305312334854,34.42275439174123,0.09135896459840122
2018-10-01,124.0,451.92,65.78,148.0,8.866666666666665,294.7500277170292,26.6125,0.0,0.8866333467747831,109.94253500007311,56.00305312334854,0.10135135135135137
2018-10-02,98.0,404.67,76.03,186.0,6.904166666666666,284.1265724406228,27.508333333333336,0.0,0.7861777927648926,77.04542369095948,109.94253500007311,0.12651555086979444
2018-10-03,47.0,232.07,63.37,160.0,5.508333333333333,268.7999851316688,26.96666666666667,0.0,0.5948670359441001,27.958750689372703,77.04542369095948,0.1536491677336748
2018-10-04,98.0,452.4,97.4,206.0,5.029166666666666,326.77872608629303,26.375,1.0,0.996942076494231,97.70032349643465,27.958750689372703,0.16586040082930203
2018-10-05,160.0,794.99,121.12,268.0,5.195833333333333,329.53302669030023,26.425,0.0,0.9920353264346464,158.7256522295434,97.70032349643465,0.16139878950907868
2018-10-06,305.0,1427.67,78.87,237.0,8.25,302.6599985365102,25.791666666666668,0.0,0.941841612933126,287.2616919446034,158.7256522295434,0.10810810810810811
2018-10-07,464.0,1828.04,81.14,189.0,7.1125,331.9380520488966,25.379166666666666,0.0,0.9858758017553446,457.4463720144799,287.2616919446034,0.12326656394453003
2018-10-08,147.0,678.63,118.6,253.0,4.316666666666666,103.58962094432599,26.09166666666667,0.0,0.0,0.0,457.4463720144799,0.18808777429467086
2018-10-09,127.0,542.88,103.26,269.0,9.125,123.24053502780328,26.2625,0.0,0.0,0.0,0.0,0.09876543209876543
2018-10-10,120.0,730.01,93.36,263.0,11.879166666666665,103.97665980399518,25.358333333333334,0.2,0.0,0.0,0.0,0.07764477515367196
2018-10-11,277.0,1239.72,70.42,219.0,10.183333333333332,92.002384771849,24.129166666666666,1.3,0.0,0.0,0.0,0.08941877794336812
2018-10-12,442.0,1618.36,67.93,163.0,6.508333333333333,29.872213416185218,23.691666666666666,0.0,0.381467582207419,168.6086713356792,0.0,0.13318534961154274
2018-10-13,359.0,1761.23,132.93,264.0,7.929166666666667,328.70449023620375,23.20416666666667,0.0,0.9937530095453133,356.75733042676745,168.6086713356792,0.11199253383107792
2018-10-14,288.0,1505.1299999999999,91.88,237.0,9.924999999999999,297.05116715887823,23.22083333333333,0.0,0.9044874245190451,260.492378261485,356.75733042676745,0.09153318077803205
2018-10-15,272.0,1175.67,115.96,253.0,6.679166666666667,336.3777655176391,24.433333333333334,0.0,0.96995302647829,263.82722320209484,260.492378261485,0.13022246337493218
2018-10-16,372.0,1779.12,139.18,309.0,7.308333333333334,116.81710966261966,24.820833333333336,0.0,0.0,0.0,263.82722320209484,0.12036108324974924
2018-10-17,735.0,3277.87,137.29,332.0,7.066666666666666,119.40863706647656,25.0625,0.0,0.0,0.0,0.0,0.12396694214876033
2018-10-18,672.0,3579.05,143.2,330.0,9.304166666666667,105.59492351298098,24.8125,0.4,0.0,0.0,0.0,0.09704811969268096
2018-10-19,550.0,3270.39,137.73,300.0,6.408333333333334,328.97243265427085,25.291666666666668,0.0,0.9932202418807804,546.2711330344292,0.0,0.13498312710911134
2018-10-20,776.0,4425.52,168.87,344.0,7.0375000000000005,356.5978189803339,24.441666666666666,0.0,0.8260885787569009,641.0447371153551,546.2711330344292,0.12441679626749609
2018-10-21,968.0,6524.5,141.15,325.0,8.775,348.47277364034085,23.40833333333333,0.0,0.897443671327107,868.7254738446396,641.0447371153551,0.10230179028132992
2018-10-22,978.0,5490.81,121.65,296.0,9.620833333333332,294.2835916958883,22.5,0.0,0.8828390874610847,863.4166275369408,868.7254738446396,0.09415457041977247
2018-10-23,1161.0,6348.83,119.4,274.0,7.658333333333334,296.53675726850827,23.066666666666666,0.0,0.9006218401348145,1045.6219563965196,863.4166275369408,0.11549566891241576
2018-10-24,1047.0,6739.2,174.04,354.0,5.958333333333333,94.08382344561545,23.416666666666668,0.0,0.0,0.0,1045.6219563965196,0.1437125748502994
2018-10-25,1194.0,7229.54,168.82,356.0,6.6625000000000005,66.85194617968176,23.224999999999998,0.0,0.0,0.0,0.0,0.13050570962479607
2018-10-26,1540.0,11058.74,203.12,394.0,7.320833333333333,11.596127897628037,22.679166666666664,0.0,0.6521077092763219,1004.2458722855357,0.0,0.12018027040560841
2018-10-27,2282.0,16968.07,206.05,396.0,7.287499999999999,344.7614943511264,23.333333333333332,0.0,0.9241153743530219,2108.831284273596,1004.2458722855357,0.12066365007541481
2018-10-28,3317.0,20366.4,205.0,403.0,8.216666666666667,327.95058061632045,23.05416666666667,0.0,0.9951354190662504,3300.8641850427525,2108.831284273596,0.10849909584086799
2018-10-29,1513.0,10358.82,231.83,397.0,7.445833333333333,307.74308796291314,22.8,0.0,0.9679123591400628,1464.451399378915,3300.8641850427525,0.11840157868771584
2018-10-30,1545.0,10432.3,263.39,456.0,4.5125,50.27832480956107,23.7625,0.0,0.035222294822740176,54.41844550113357,1464.451399378915,0.18140589569160998
2018-10-31,3068.0,17488.21,225.17,422.0,4.791666666666667,76.49992232676755,23.854166666666668,0.0,0.0,0.0,54.41844550113357,0.1726618705035971
2018-11-01,3875.0,29584.64,236.67,433.0,4.8,118.89450576822901,23.208333333333332,0.0,0.0,0.0,0.0,0.1724137931034483
2018-11-02,4000.0,27627.05,205.44,391.0,7.108333333333333,126.14124219548603,23.508333333333336,0.1,0.0,0.0,0.0,0.12332990750256936
2018-11-03,1302.0,8560.51,159.56,353.0,15.549999999999999,101.05932086417687,23.570833333333336,0.0,0.0,0.0,0.0,0.06042296072507554
2018-11-04,1105.0,7317.73,97.27,238.0,8.9,10.637664577226985,22.287499999999998,0.0,0.6646980734413198,734.4913711526584,0.0,0.10101010101010101
2018-11-05,3381.0,22177.14,361.98,424.0,9.379166666666666,293.64928269236447,20.2375,0.0,0.8775854176476202,2967.116297066604,734.4913711526584,0.09634684865515858
2018-11-06,3632.0,30407.36,177.88,411.0,13.179166666666667,291.88324063850143,20.025000000000002,0.0,0.8623936140863318,3132.213606361557,2967.116297066604,0.07052600646488393
2018-11-07,4532.0,32836.85,175.43,317.0,9.091666666666667,277.13364650302356,19.07916666666667,0.0,0.705089998432504,3195.467872896108,3132.213606361557,0.0990916597853014
2018-11-08,4931.0,29939.38,420.3,452.0,4.283333333333334,345.59310468470017,20.1625,0.0,0.918472105372651,4528.985951592542,3195.467872896108,0.18927444794952678
2018-11-09,2318.0,13858.04,300.91,487.0,5.591666666666666,328.5575630872885,20.408333333333335,0.0,0.9940359292017547,2304.1752838896673,4528.985951592542,0.15170670037926676
2018-11-10,1881.0,10277.33,288.86,430.0,4.670833333333333,58.5207132667129,20.804166666666664,0.0,0.0,0.0,2304.1752838896673,0.1763409257898604
2018-11-11,1643.0,10021.93,256.68,454.0,4.8500000000000005,96.46789659285162,21.8,0.0,0.0,0.0,0.0,0.17094017094017092
2018-11-12,1533.0,10822.78,271.7,437.0,5.9958333333333345,83.26773460582416,21.491666666666664,0.0,0.0,0.0,0.0,0.14294222751637878
2018-11-13,1872.0,11117.72,265.06,454.0,6.683333333333334,103.61842434542683,22.170833333333334,0.1,0.0,0.0,0.0,0.1301518438177874
2018-11-14,1001.0,6787.87,136.2,361.0,7.279166666666666,85.75353114175448,21.495833333333334,1.1,0.0,0.0,0.0,0.12078510317060898
2018-11-15,1786.0,11899.24,98.53,251.0,9.379166666666666,346.25277060299567,20.775000000000002,0.6000000000000001,0.9138579686830897,1632.150332067998,0.0,0.09634684865515858
2018-11-16,1778.0,10094.54,138.49,302.0,14.491666666666665,290.79738780850835,19.158333333333335,0.0,0.8526452405910458,1516.0032377708794,1632.150332067998,0.06455083378160302
2018-11-17,1275.0,8992.03,135.21,292.0,10.387500000000001,285.713332077008,18.516666666666666,0.0,0.8029891518999536,1023.8111686724408,1516.0032377708794,0.08781558726673984
2018-11-18,1966.0,11510.26,166.43,330.0,6.991666666666666,147.89370114255712,19.8,0.0,0.0,0.0,1023.8111686724408,0.1251303441084463
2018-11-19,1070.0,6600.18,179.79,340.0,10.591666666666667,124.24343288940656,20.816666666666666,0.0,0.0,0.0,0.0,0.08626887131560029
2018-11-20,530.0,3418.2,224.1,367.0,7.108333333333333,328.20391325236744,20.487499999999997,0.0,0.9946901037575042,527.1857549914772,0.0,0.12332990750256936
2018-11-21,761.0,4313.98,209.96,396.0,9.995833333333332,281.05148705254186,19.754166666666666,0.0,0.7518933838957637,572.1908651446762,527.1857549914772,0.0909435392194013
2018-11-22,497.0,3591.82,139.02,317.0,5.849999999999999,301.43383887142386,19.61666666666667,0.0,0.934434698808185,464.41404530766795,572.1908651446762,0.14598540145985403
2018-11-23,738.0,4228.48,187.85,356.0,12.9125,300.60239829748963,19.279166666666665,0.0,0.9291684935619606,685.7263482487269,464.41404530766795,0.07187780772686433
2018-11-24,442.0,2281.03,107.73,296.0,14.883333333333333,287.0423204563757,19.2875,0.0,0.8165961159586417,360.9354832537196,685.7263482487269,0.06295907660020987
2018-11-25,242.0,1171.48,133.62,266.0,8.137500000000001,310.9304263474636,17.866666666666664,0.0,0.980386901829516,237.25363024274287,360.9354832537196,0.10943912448700409
2018-11-26,120.0,648.8,200.69,349.0,8.558333333333334,323.6589649308092,18.55,0.0,0.9997174184475744,119.96609021370894,237.25363024274287,0.1046207497820401
2018-11-27,11.0,35.1,205.53,396.0,6.704166666666666,115.8694471794538,19.483333333333334,0.0,0.0,0.0,119.96609021370894,0.1297998918334235
2018-11-28,160.0,647.22,193.1,363.0,5.1000000000000005,126.86886754901332,19.633333333333336,0.0,0.0,0.0,0.0,0.16393442622950818
2018-11-29,136.0,572.6,205.17,384.0,8.479166666666666,289.97473473387475,18.654166666666665,0.0,0.8450556945276201,114.92757445575633,0.0,0.1054945054945055
2018-11-30,99.0,460.23,190.36,365.0,9.633333333333333,290.0092995852525,18.304166666666667,0.0,0.8453780963539467,83.69243153904073,114.92757445575633,0.09404388714733543
2018-12-01,48.0,188.51,147.48,335.0,9.004166666666668,277.6852270860236,17.454166666666666,0.0,0.7118838248528375,34.1704235929362,83.69243153904073,0.09995835068721365
2018-12-02,59.0,227.59,164.63,329.0,5.3,352.9054512615694,17.825,0.0,0.8606654323917164,50.77926051111127,34.1704235929362,0.15873015873015872
2018-12-03,58.0,203.38,178.87,356.0,4.970833333333333,308.2519949446929,17.6875,0.0,0.9701061157571619,56.26615471391539,50.77926051111127,0.1674808094905792
2018-12-04,74.0,233.35999999999999,211.57,394.0,5.970833333333334,332.0369360876353,17.2875,0.0,0.9855852912825651,72.93331155490982,56.26615471391539,0.14345487148834427
2018-12-05,71.0,192.32999999999998,181.62,374.0,6.5249999999999995,313.7202380339596,16.766666666666666,0.0,0.9888173877704037,70.20603453169866,72.93331155490982,0.132890365448505
2018-12-06,51.0,143.75,218.06,385.0,5.695833333333333,336.9539255785564,17.075,0.0,0.9674575065709562,49.340332835118765,70.20603453169866,0.14934660858743
2018-12-07,43.0,148.21,193.81,376.0,9.679166666666665,313.32365664090753,15.941666666666665,0.0,0.9877614738618966,42.473743376061556,49.340332835118765,0.09364026531408506
2018-12-08,47.0,134.71,202.83,366.0,7.308333333333334,335.57130953375,15.4625,0.0,0.9732812487471603,45.74421869111653,42.473743376061556,0.12036108324974924
2018-12-09,73.0,304.3,226.35,389.0,5.966666666666666,5.7964127488743316,15.958333333333334,0.0,0.7253793977788348,52.952696037854935,45.74421869111653,0.14354066985645936
2018-12-10,58.0,162.4,264.63,431.0,7.9750000000000005,115.6728782525218,15.491666666666667,0.1,0.0,0.0,52.952696037854935,0.11142061281337046
2018-12-11,31.0,121.46000000000001,274.97,464.0,6.1125,109.51420986661356,15.533333333333333,0.0,0.0,0.0,0.0,0.140597539543058
2018-12-12,10.0,20.810000000000002,209.63,443.0,8.745833333333335,81.18131504976714,14.637499999999998,0.8,0.0,0.0,0.0,0.102607952116289
2018-12-13,22.0,44.95,94.29,264.0,7.575,342.18738445183493,14.375,0.1,0.9403442346894296,20.687573163167453,0.0,0.11661807580174928
2018-12-14,69.0,202.0,113.42,248.0,8.591666666666667,306.7387785947641,13.987500000000002,0.0,0.9633591904704111,66.47178414245836,20.687573163167453,0.10425716768027801
2018-12-15,113.0,318.7,122.69,274.0,10.845833333333333,298.08564805908344,13.870833333333335,0.0,0.9120400892457855,103.06053008477376,66.47178414245836,0.08441786844882167
2018-12-16,88.0,308.38,150.28,295.0,8.704166666666667,309.349677639844,13.416666666666666,0.0,0.9745771328029306,85.76278768665789,103.06053008477376,0.103048518677544
2018-12-17,46.0,118.1,182.78,338.0,8.4,312.271387431255,13.079166666666667,0.0,0.984730542783549,45.29760496804325,85.76278768665789,0.10638297872340426
2018-12-18,43.0,127.16,204.08,370.0,10.3125,301.2114988494396,12.949999999999998,0.0,0.9330456632618109,40.12096352025787,45.29760496804325,0.08839779005524862
2018-12-19,62.0,236.83,205.22,370.0,9.0625,280.8107720253331,12.825000000000001,0.0,0.7491169233793424,46.44524924951923,40.12096352025787,0.09937888198757763
2018-12-20,133.0,445.01,258.1,423.0,7.270833333333333,287.8721253187026,12.370833333333332,0.0,0.8248698088038805,109.7076845709161,46.44524924951923,0.12090680100755669
2018-12-21,79.0,253.4,252.2,422.0,8.762500000000001,280.23029162127693,12.15,0.0,0.7423672403947486,58.64701199118514,109.7076845709161,0.1024327784891165
2018-12-22,75.0,262.25,326.79,468.0,6.4875,197.93754028532928,11.924999999999999,0.0,0.0,0.0,58.64701199118514,0.1335559265442404
2018-12-23,48.0,176.27,401.58,557.0,7.891666666666667,125.31448427180106,12.270833333333334,0.0,0.0,0.0,0.0,0.11246485473289598
2018-12-24,63.0,198.35,378.68,577.0,7.354166666666667,307.2131432018294,13.200000000000001,0.0,0.9655467570921391,60.82944569680476,0.0,0.1197007481296758
2018-12-25,64.0,238.39,268.2,475.0,10.991666666666667,295.77341736080047,12.1875,0.0,0.8947519491079949,57.264124742911676,60.82944569680476,0.08339124391938846
2018-12-26,98.0,312.8,241.0,405.0,8.025,279.7483781687556,11.883333333333335,0.0,0.7367057508019287,72.19716357858901,57.264124742911676,0.11080332409972299
2018-12-27,66.0,219.82,290.1,458.0,6.575,289.4210956992389,12.125,0.0,0.8398498215188722,55.430088220245565,72.19716357858901,0.132013201320132
2018-12-28,37.0,132.04,249.23,413.0,12.595833333333333,291.1789300413982,11.541666666666666,0.0,0.8561056605369378,31.6759094398667,55.430088220245565,0.07355194606190622
2018-12-29,65.0,224.99,248.12,420.0,9.908333333333333,282.89290286897847,11.270833333333334,0.0,0.7726900535595329,50.22485348136964,31.6759094398667,0.09167303284950344
2018-12-30,64.0,228.32999999999998,336.42,484.0,4.770833333333333,320.0050347645123,13.258333333333335,0.0,0.9992001309404737,63.948808380190314,50.22485348136964,0.1732851985559567
2018-12-31,122.0,439.71999999999997,319.69,509.0,9.245833333333332,297.4093362740535,12.341666666666669,0.0,0.9071358860496362,110.67057809805563,63.948808380190314,0.09760065067100449
2019-09-01,4.0,4.8100000000000005,35.13,123.0,9.983333333333334,104.52259257917024,28.637500000000003,4.7,0.0,0.0,110.67057809805563,0.09104704097116843
2019-09-02,11.0,25.86,46.15,105.0,4.245833333333334,98.67616874173314,29.558333333333334,1.3,0.0,0.0,0.0,0.19062748212867353
2019-09-03,4.0,20.83,70.64,131.0,5.083333333333333,263.65108852461594,30.1875,5.5,0.5203280254378313,2.081312101751325,0.0,0.16438356164383564
2019-09-04,6.0,29.89,73.33,165.0,8.854166666666666,119.23914962752104,29.0625,7.8,0.0,0.0,2.081312101751325,0.10147991543340382
2019-09-05,8.0,34.25,33.9,118.0,7.787499999999999,114.1926978052976,29.462500000000002,0.6000000000000001,0.0,0.0,0.0,0.11379800853485067
2019-09-06,13.0,43.21,35.81,96.0,7.774999999999999,115.843263266647,29.729166666666668,0.4,0.0,0.0,0.0,0.11396011396011398
2019-09-07,13.0,41.41,34.98,95.0,9.112499999999999,120.2767175113039,28.825,2.1,0.0,0.0,0.0,0.0988875154511743
2019-09-08,5.0,16.94,32.83,99.0,6.329166666666666,95.61402426251112,29.15416666666667,0.2,0.0,0.0,0.0,0.1364411597498579
2019-09-09,11.0,59.39,56.31,107.0,4.858333333333333,29.41222421666589,30.166666666666668,0.1,0.388876450833202,4.277640959165222,0.0,0.17069701280227595
2019-09-10,13.0,85.29,64.48,139.0,5.4750000000000005,70.69917271559933,30.65416666666667,0.0,0.0,0.0,4.277640959165222,0.15444015444015444
2019-09-11,8.0,47.0,79.6,166.0,5.800000000000001,144.90622787190807,31.245833333333337,0.4,0.0,0.0,0.0,0.14705882352941174
2019-09-12,15.0,62.339999999999996,57.83,158.0,13.370833333333332,123.90864954723241,30.229166666666668,0.6000000000000001,0.0,0.0,0.0,0.06958538706871557
2019-09-13,22.0,70.14,33.59,103.0,10.808333333333332,115.13845991461858,29.854166666666668,0.6000000000000001,0.0,0.0,0.0,0.08468595624558928
2019-09-14,16.0,75.2,26.65,85.0,12.108333333333334,96.83269222797293,28.733333333333334,0.7000000000000001,0.0,0.0,0.0,0.07628734901462174
2019-09-15,23.0,146.78,35.52,83.0,8.345833333333333,98.17421792406566,28.079166666666666,5.200000000000001,0.0,0.0,0.0,0.1069995541685243
2019-09-16,13.0,56.07,56.6,111.0,5.416666666666667,88.8746341403496,29.29583333333333,0.4,0.0,0.0,0.0,0.15584415584415584
2019-09-17,53.0,283.77,59.14,143.0,7.766666666666666,144.75424048932632,29.241666666666664,2.0,0.0,0.0,0.0,0.1140684410646388
2019-09-18,68.0,294.83,35.41,117.0,11.245833333333332,115.62730258385113,28.52916666666667,3.0,0.0,0.0,0.0,0.08166042871725078
2019-09-19,11.0,43.23,21.74,80.0,12.737499999999999,109.32092148445463,26.9375,1.0,0.0,0.0,0.0,0.07279344858962694
2019-09-20,15.0,92.71,40.33,96.0,6.95,112.29977537461377,27.05416666666667,7.7,0.0,0.0,0.0,0.12578616352201258
2019-09-21,54.0,248.59,39.23,112.0,6.066666666666666,133.93189986337518,27.804166666666664,0.7000000000000001,0.0,0.0,0.0,0.14150943396226415
2019-09-22,74.0,471.34999999999997,26.51,86.0,8.729166666666666,125.36718708731496,27.125,13.900000000000002,0.0,0.0,0.0,0.10278372591006425
2019-09-23,107.0,440.82,34.46,89.0,7.974999999999999,103.14987116165264,26.766666666666666,2.0,0.0,0.0,0.0,0.1114206128133705
2019-09-24,134.0,702.04,35.88,103.0,8.608333333333333,109.70573674769912,27.0625,2.9000000000000004,0.0,0.0,0.0,0.10407632263660019
2019-09-25,50.0,255.41,30.52,100.0,11.295833333333334,101.92326113428976,27.258333333333336,3.6,0.0,0.0,0.0,0.08132836326668925
2019-09-26,27.0,125.57,22.9,87.0,15.870833333333332,98.69127097936394,27.579166666666666,1.9000000000000001,0.0,0.0,0.0,0.05927389478883676
2019-09-27,24.0,105.73,15.66,78.0,13.0,80.55172946221205,26.64166666666667,0.5,0.0,0.0,0.0,0.07142857142857142
2019-09-28,47.0,272.41,22.52,78.0,12.799999999999999,80.85037077869663,25.554166666666664,4.6000000000000005,0.0,0.0,0.0,0.07246376811594203
2019-09-29,9.0,18.689999999999998,16.91,68.0,11.666666666666666,98.162785750706,25.004166666666666,2.0,0.0,0.0,0.0,0.07894736842105264
2019-09-30,9.0,34.76,29.42,75.0,7.875,121.57691821878956,25.354166666666668,6.0,0.0,0.0,0.0,0.11267605633802817
2019-10-01,7.0,16.01,33.92,98.0,7.516666666666666,106.12613131949274,25.133333333333336,4.5,0.0,0.0,0.0,0.11741682974559688
2019-10-02,42.0,151.82,40.16,105.0,5.308333333333333,94.6078890987439,26.495833333333334,0.2,0.0,0.0,0.0,0.1585204755614267
2019-10-03,59.0,224.45,57.99,140.0,4.5249999999999995,152.8299563302039,27.48333333333333,0.0,0.0,0.0,0.0,0.1809954751131222
2019-10-04,46.0,147.06,43.07,113.0,8.216666666666667,321.40300419431355,26.179166666666664,4.9,0.9998783189818867,45.99440267316679,0.0,0.10849909584086799
2019-10-05,62.0,237.54,39.48,108.0,10.383333333333333,319.1154398821684,26.09166666666667,0.0,0.9984588414261676,61.90444816842239,45.99440267316679,0.08784773060029283
2019-10-06,32.0,102.13,58.75,127.0,8.225,327.887747408719,26.399999999999995,0.0,0.9952428583965685,31.84777146869019,61.90444816842239,0.10840108401084012
2019-10-07,69.0,299.81,55.88,133.0,10.866666666666667,308.047242424625,26.3125,0.0,0.9692326765608412,66.87705468269804,31.84777146869019,0.08426966292134831
2019-10-08,189.0,1009.6,44.85,123.0,7.054166666666667,300.3623918485941,26.3875,0.0,0.9276118910519302,175.3186474088148,66.87705468269804,0.12415933781686497
2019-10-09,305.0,1321.69,77.02,165.0,6.325,173.49132301887096,25.524999999999995,0.0,0.0,0.0,175.3186474088148,0.13651877133105803
2019-10-10,358.0,1554.34,100.82,208.0,5.895833333333333,108.56078280733834,26.475000000000005,0.0,0.0,0.0,0.0,0.14501510574018128
2019-10-11,245.0,1261.33,98.07,243.0,5.683333333333334,323.89686817906124,26.59166666666667,0.0,0.9996100969987186,244.90447376468606,0.0,0.14962593516209477
2019-10-12,220.0,941.3,103.45,235.0,6.595833333333332,4.949092041992117,27.34583333333333,0.0,0.7354793858433566,161.80546488553844,244.90447376468606,0.13165112452002195
2019-10-13,341.0,1640.4,132.57,282.0,6.824999999999999,328.89051273393454,27.758333333333336,0.0,0.9933854345185108,338.74443317081216,161.80546488553844,0.12779552715654954
2019-10-14,385.0,2042.82,116.33,285.0,7.495833333333333,11.83521188502101,26.983333333333334,0.0,0.6489385294653314,249.8413338441526,338.74443317081216,0.1177047572339382
2019-10-15,624.0,2661.38,133.35,291.0,6.229166666666667,72.01391466629144,27.15833333333333,0.0,0.0,0.0,249.8413338441526,0.13832853025936598
2019-10-16,409.0,2168.93,146.37,320.0,6.283333333333334,121.75423347573167,27.625,0.0,0.0,0.0,0.0,0.13729977116704803
2019-10-17,284.0,1448.06,121.68,300.0,7.3999999999999995,154.26156245233233,27.020833333333332,0.0,0.0,0.0,0.0,0.11904761904761907
2019-10-18,163.0,770.91,90.41,265.0,8.933333333333332,136.50313969953288,26.370833333333334,2.7,0.0,0.0,0.0,0.10067114093959734
2019-10-19,611.0,3320.36,76.77,170.0,5.816666666666666,239.7089625266197,25.570833333333336,2.5,0.12900556253557297,78.82239870923509,0.0,0.1466992665036675
2019-10-20,1023.0,5314.58,98.05,242.0,9.308333333333334,313.7681629653429,25.73333333333333,0.0,0.9889417824813648,1011.6874434784362,78.82239870923509,0.09700889248181083
2019-10-21,1073.0,6279.69,115.16,254.0,10.808333333333332,312.8780508914078,24.98333333333333,0.0,0.9865185740377592,1058.5344299425155,1011.6874434784362,0.08468595624558928
2019-10-22,758.0,4956.2,93.51,243.0,11.950000000000001,292.78830320593636,24.40416666666667,0.0,0.8702823935648782,659.6740543221777,1058.5344299425155,0.07722007722007722
2019-10-23,992.0,5674.22,122.12,248.0,8.5375,310.5320395208815,24.375,0.0,0.9789928671421319,971.1609242049948,659.6740543221777,0.10484927916120577
2019-10-24,1224.0,8492.67,173.56,335.0,6.7124999999999995,65.42995604748586,24.2,0.0,0.0,0.0,971.1609242049948,0.12965964343598055
2019-10-25,1906.0,11835.3,129.9,331.0,7.162499999999999,119.95295498882655,24.379166666666663,0.0,0.0,0.0,0.0,0.12251148545176113
2019-10-26,2616.0,14916.13,148.73,315.0,6.191666666666667,154.10899113627192,24.570833333333336,0.0,0.0,0.0,0.0,0.13904982618771725
2019-10-27,2506.0,17161.54,198.81,354.0,9.195833333333333,310.7149040023473,24.55,0.0,0.9796386270044333,2454.9743992731096,0.0,0.09807928075194115
2019-10-28,2413.0,15923.17,301.39,417.0,7.491666666666667,296.19946593625986,24.162499999999998,0.0,0.8980478056607459,2166.98935505938,2454.9743992731096,0.11776251226692835
2019-10-29,1616.0,12397.84,287.56,419.0,5.579166666666667,292.6829412751059,24.458333333333332,0.0,0.8693751605027381,1404.910259372425,2166.98935505938,0.1519949335022166
2019-10-30,3272.0,26733.28,279.32,452.0,7.675,297.29760505697834,25.399999999999995,0.0,0.906313495297225,2965.4577566125204,1404.910259372425,0.11527377521613832
2019-10-31,10.0,13.079999999999998,314.32,460.0,7.925,310.24487122209575,24.333333333333332,0.0,0.9779586492556618,9.779586492556618,2965.4577566125204,0.11204481792717086
2019-11-01,385.0,2214.63,388.45,591.0,6.733333333333333,341.36679444250836,24.858333333333334,0.0,0.9451203228735717,363.8713243063251,9.779586492556618,0.12931034482758622
2019-11-02,28.0,94.48,320.26,473.0,9.241666666666667,331.59988082967254,24.400000000000002,0.2,0.9868471133518109,27.631719173850705,363.8713243063251,0.09764035801464604
2019-11-03,2917.0,15413.57,582.28,659.0,9.0875,300.6368535851925,23.808333333333334,0.0,0.9293906214990592,2711.0324429127554,27.631719173850705,0.09913258983890953
2019-11-04,5209.0,39516.25,272.3,532.0,12.566666666666668,302.0059713766029,23.6875,0.0,0.9379442682516169,4885.7516933226725,2711.0324429127554,0.0737100737100737
2019-11-05,5298.0,34990.28,190.41,385.0,12.520833333333334,287.36115502842233,22.941666666666674,0.0,0.8197954611684742,4343.276353270577,4885.7516933226725,0.07395993836671802
2019-11-06,4433.0,34990.13,101.09,265.0,7.7749999999999995,183.25773687505654,23.354166666666668,0.0,0.0,0.0,4343.276353270577,0.11396011396011398
2019-11-07,162.0,1224.62,182.47,296.0,9.6875,93.825366461822,22.129166666666666,1.4,0.0,0.0,0.0,0.0935672514619883
2019-11-08,488.0,3077.28,154.14,346.0,7.129166666666666,17.360754840556638,21.900000000000002,0.8,0.5726621690466622,279.4591384947712,0.0,0.1230138390568939
2019-11-09,1907.0,16283.67,140.8,321.0,11.216666666666669,317.4049611499407,21.850000000000005,0.0,0.9963574064062221,1900.0535740166654,279.4591384947712,0.08185538881309685
2019-11-10,2615.0,18616.51,192.35,339.0,9.504166666666666,318.59387161282365,20.866666666666664,0.0,0.9979122836018236,2609.540621618769,1900.0535740166654,0.09520031733439112
2019-11-11,807.0,4881.29,252.48,376.0,8.424999999999999,317.13809532191596,20.308333333333334,0.0,0.9959494135159224,803.7311767073494,2609.540621618769,0.10610079575596819
2019-11-12,643.0,3661.83,384.34,475.0,8.166666666666666,318.3713694881504,19.650000000000002,0.0,0.9976539550113079,641.491493072271,803.7311767073494,0.1090909090909091
2019-11-13,23.0,92.31,383.36,532.0,6.991666666666667,343.06920696059956,20.683333333333334,0.0,0.9349967765915252,21.50492586160508,641.491493072271,0.12513034410844628
2019-11-14,3.0,3.7,371.42,537.0,6.5625,355.2355611138504,21.45416666666667,0.0,0.839252505683835,2.517757517051505,21.50492586160508,0.1322314049586777
2019-11-15,172.0,852.97,423.52,595.0,8.9625,327.17382245390297,20.995833333333334,0.0,0.9963795173785716,171.3772769891143,2.517757517051505,0.10037641154328733
2019-11-16,103.0,483.24,174.03,438.0,14.041666666666666,312.940931547577,21.962499999999995,0.0,0.9866975808593768,101.6298508285158,171.3772769891143,0.0664819944598338
2019-11-17,651.0,3691.71,96.34,273.0,18.395833333333332,299.58991026868193,21.683333333333334,0.0,0.922491468247578,600.5419458291733,101.6298508285158,0.05155746509129968
2019-11-18,756.0,5032.55,108.4,245.0,12.629166666666668,283.1400786007023,19.895833333333332,0.0,0.7754213301120136,586.2185255646823,600.5419458291733,0.07337205747477835
2019-11-19,1589.0,10311.4,126.92,251.0,9.254166666666666,283.5432396522005,19.433333333333334,0.0,0.7798452464268504,1239.1740965722652,586.2185255646823,0.09752133279154815
2019-11-20,921.0,8046.51,175.19,315.0,5.833333333333333,10.184934123690027,19.162499999999998,0.0,0.6705806701598533,617.6047972172249,1239.1740965722652,0.14634146341463417
2019-11-21,210.0,983.0,217.7,375.0,7.083333333333333,54.79143209328561,19.608333333333334,0.0,0.0,0.0,617.6047972172249,0.12371134020618559
2019-11-22,31.0,166.16,201.17,377.0,6.55,336.9846775216141,20.620833333333334,0.0,0.9673215583944133,29.98696831022681,0.0,0.13245033112582782
2019-11-23,287.0,2308.49,130.41,334.0,10.624999999999998,300.7299358991603,20.654166666666665,0.0,0.929989028163337,266.9068510828777,29.98696831022681,0.08602150537634409
2019-11-24,534.0,3507.27,107.86,264.0,11.133333333333333,307.49427651791905,20.675,0.0,0.9668119981153593,516.2776069936019,266.9068510828777,0.08241758241758242
2019-11-25,395.0,2514.77,122.37,269.0,6.595833333333334,0.5286956345890417,20.058333333333334,0.0,0.7855128499960524,310.2775757484407,516.2776069936019,0.13165112452002192
2019-11-26,39.0,128.87,114.27,284.0,9.533333333333333,30.391029901923503,20.145833333333332,0.8999999999999999,0.37308172502501324,14.550187275975517,310.2775757484407,0.0949367088607595
2019-11-27,43.0,168.07999999999998,65.7,166.0,7.05,47.446775704561674,19.716666666666665,0.0,0.0845483798021749,3.6355803314935207,14.550187275975517,0.12422360248447203
2019-11-28,13.0,62.63,31.03,106.0,13.445833333333333,84.84920870611069,18.34166666666667,22.099999999999998,0.0,0.0,3.6355803314935207,0.06922411306605135
2019-11-29,56.0,270.74,53.79,89.0,6.0874999999999995,355.7071781115213,17.7625,0.0,0.8347484392081116,46.74591259565425,0.0,0.14109347442680778
2019-11-30,117.0,699.17,96.96,175.0,8.820833333333333,304.27626691618303,16.995833333333334,0.0,0.9509455446007277,111.26062871828513,46.74591259565425,0.10182435299109037
2019-12-01,232.0,1156.93,123.66,257.0,8.487499999999999,287.08413381240064,15.533333333333333,0.0,0.8170171348276144,189.54797528000654,111.26062871828513,0.10540184453227933
2019-12-02,252.0,921.99,141.12,299.0,9.829166666666666,288.14592075447945,15.4,0.0,0.8275618496889297,208.54558612161028,189.54797528000654,0.0923432089265102
2019-12-03,142.0,775.84,140.07,302.0,10.816666666666668,283.2969127369734,15.137499999999998,0.0,0.7771468574997178,110.35485376495993,208.54558612161028,0.0846262341325811
2019-12-04,71.0,348.32,163.24,313.0,6.391666666666666,317.6528025132339,15.291666666666666,0.0,0.9967169557124312,70.76690385558261,110.35485376495993,0.13528748590755357
2019-12-05,67.0,334.96999999999997,271.99,389.0,6.620833333333334,18.981074180895064,15.458333333333334,0.0,0.5492526535564116,36.799927788279575,70.76690385558261,0.13121924548933844
2019-12-06,182.0,719.1,241.69,423.0,6.474999999999999,323.97457853632295,15.391666666666666,0.0,0.9995713065528624,181.92197779262096,36.799927788279575,0.13377926421404684
2019-12-07,237.0,794.07,233.79,382.0,5.6875,328.91305717064836,16.041666666666668,0.0,0.9933401758696921,235.42162168111705,181.92197779262096,0.14953271028037382
2019-12-08,216.0,853.95,239.98,404.0,6.945833333333333,345.84045066027977,15.695833333333333,0.0,0.9167562394213065,198.0193477150022,235.42162168111705,0.12585212375458837
2019-12-09,32.0,92.85000000000001,200.33,371.0,6.179166666666667,322.00387788220735,15.299999999999999,0.0,0.9999869286480084,31.99958171673627,198.0193477150022,0.13929193267556586
2019-12-10,57.0,255.96,236.4,377.0,7.366666666666667,312.6383908458736,15.137500000000001,0.0,0.9858254241138472,56.19204917448929,31.99958171673627,0.1195219123505976
2019-12-11,1.0,4.82,299.85,430.0,6.120833333333334,91.59262691363017,15.729166666666666,0.0,0.0,0.0,56.19204917448929,0.1404330017554125
2019-12-12,0.0,0.0,284.18,471.0,13.329166666666666,113.19107202084336,15.637500000000001,5.899999999999999,0.0,0.0,0.0,0.06978772899098576
2019-12-13,3.0,3.13,94.62,322.0,12.345833333333331,155.77949107109032,15.095833333333331,3.6999999999999997,0.0,0.0,0.0,0.07492975335622855
2019-12-14,4.0,3.8,78.59,179.0,4.954166666666667,8.060605549021659,12.979166666666666,0.0,0.6976182346160869,2.7904729384643474,0.0,0.16794961511546536
2019-12-15,5.0,9.41,94.67,205.0,8.095833333333333,311.1310943017021,13.229166666666666,0.0,0.9810711329929152,4.905355664964576,2.7904729384643474,0.10994044892349977
2019-12-16,2.0,3.52,88.05,202.0,10.225,300.11194276195727,12.429166666666667,0.0,0.9259702070742734,1.8519404141485467,4.905355664964576,0.08908685968819599
2019-12-17,5.0,15.209999999999999,93.07,178.0,10.049999999999999,293.0173996591336,11.799999999999999,0.0,0.8722448986986028,4.3612244934930136,1.8519404141485467,0.0904977375565611
2019-12-18,19.0,53.980000000000004,144.0,273.0,9.379166666666666,287.24250738948376,11.970833333333331,0.0,0.8186078519495955,15.553549187042314,4.3612244934930136,0.09634684865515858
2019-12-19,1.0,4.41,261.16,354.0,5.4375,352.11687467288033,11.533333333333331,0.0,0.8675915461930118,0.8675915461930118,15.553549187042314,0.1553398058252427
2019-12-20,7.0,23.1,316.09,452.0,5.083333333333333,337.7664957341214,13.045833333333334,0.0,0.9637718083048944,6.746402658134261,0.8675915461930118,0.16438356164383564
2019-12-21,12.0,28.5,249.87,441.0,6.154166666666666,306.08676420225925,13.454166666666666,0.2,0.9602446516938026,11.522935820325632,6.746402658134261,0.13977868375072802
2019-12-22,7.0,26.52,146.81,351.0,10.112499999999999,310.1048886137479,12.5375,0.0,0.9774456030449428,6.842119221314599,11.522935820325632,0.08998875140607425
2019-12-23,20.0,53.24,171.47,321.0,10.525,296.93393941361916,11.829166666666666,0.0,0.9036129080479478,18.072258160958956,6.842119221314599,0.08676789587852494
2019-12-24,59.0,201.54,262.69,376.0,6.245833333333333,21.191907530815,9.625,0.0,0.5166069089868228,30.479807630222545,18.072258160958956,0.13801035077630824
2019-12-25,1.0,0.72,166.71,384.0,9.708333333333334,308.8247854588642,8.75,0.0,0.9724837013925696,0.9724837013925696,30.479807630222545,0.0933852140077821
2019-12-26,6.0,20.560000000000002,196.97,340.0,11.170833333333334,305.0630163767904,8.466666666666667,0.0,0.9551036750063804,5.730622050038282,0.9724837013925696,0.08216364258815473
2019-12-27,15.0,31.41,240.07,372.0,7.216666666666666,308.2408040551179,7.304166666666667,0.0,0.9700586972945978,14.550880459418968,5.730622050038282,0.12170385395537528
2019-12-28,16.0,58.42,275.6,425.0,6.5249999999999995,345.3316392840698,6.683333333333334,0.0,0.9202673080256172,14.724276928409875,14.550880459418968,0.132890365448505
2019-12-29,66.0,191.76,326.79,455.0,5.216666666666666,342.4722176948493,7.345833333333334,0.0,0.9386412714189399,61.95032391365004,14.724276928409875,0.160857908847185
2019-12-30,0.0,0.0,333.43,506.0,6.841666666666668,95.34397455082114,6.8999999999999995,0.0,0.0,0.0,61.95032391365004,0.12752391073326247
2019-12-31,19.0,52.9,245.53,417.0,6.825,126.59727657348458,7.6125,0.0,0.0,0.0,0.0,0.12779552715654952
